group,loss,delay,mtu,tag,ok,hs_rtt,cl_hs_bytes,cl_hs_novel_bytes,sv_hs_bytes,cl_nsegs,sv_nsegs,retrans,flow_dur,flow_cli_bytes,flow_srv_bytes
X25519MLKEM768,0,0,1280,pcap_X25519MLKEM768_L0_D0_M1280.pcapng,1,0.002928018569946289,1473.0,1473.0,1846.0,2,1,0,0.004391908645629883,1543.0,3947.0
X25519MLKEM768,0,0,1280,pcap_X25519MLKEM768_L0_D0_M1280.pcapng,1,0.002830982208251953,1473.0,1473.0,1847.0,2,1,0,0.004369020462036133,1543.0,3948.0
X25519MLKEM768,0,0,1280,pcap_X25519MLKEM768_L0_D0_M1280.pcapng,1,0.001695871353149414,1473.0,1473.0,1845.0,2,1,0,0.002855062484741211,1543.0,3946.0
X25519MLKEM768,0,0,1280,pcap_X25519MLKEM768_L0_D0_M1280.pcapng,1,0.001837015151977539,1473.0,1473.0,1846.0,2,1,0,0.0030159950256347656,1543.0,3947.0
X25519MLKEM768,0,0,1280,pcap_X25519MLKEM768_L0_D0_M1280.pcapng,1,0.0027208328247070312,1473.0,1473.0,1845.0,2,1,0,0.004609107971191406,1543.0,3946.0
X25519MLKEM768,0,0,1280,pcap_X25519MLKEM768_L0_D0_M1280.pcapng,1,0.002268075942993164,1473.0,1473.0,1846.0,2,1,0,0.003923892974853516,1543.0,3947.0
X25519MLKEM768,0,0,1280,pcap_X25519MLKEM768_L0_D0_M1280.pcapng,1,0.004144906997680664,1473.0,1473.0,1846.0,2,1,0,0.0060100555419921875,1543.0,3947.0
X25519MLKEM768,0,0,1280,pcap_X25519MLKEM768_L0_D0_M1280.pcapng,1,0.0017709732055664062,1473.0,1473.0,1846.0,2,1,0,0.002672910690307617,1543.0,3947.0
X25519MLKEM768,0,0,1280,pcap_X25519MLKEM768_L0_D0_M1280.pcapng,1,0.002981901168823242,1473.0,1473.0,1845.0,2,1,0,0.005649089813232422,1543.0,3946.0
X25519MLKEM768,0,0,1280,pcap_X25519MLKEM768_L0_D0_M1280.pcapng,1,0.002115964889526367,1473.0,1473.0,1845.0,2,1,0,0.003286123275756836,1543.0,3946.0
X25519MLKEM768,0,0,1280,pcap_X25519MLKEM768_L0_D0_M1280.pcapng,1,0.0016338825225830078,1473.0,1473.0,1846.0,2,1,0,0.0026268959045410156,1543.0,3947.0
X25519MLKEM768,0,0,1280,pcap_X25519MLKEM768_L0_D0_M1280.pcapng,1,0.0020599365234375,1473.0,1473.0,1846.0,2,1,0,0.0035250186920166016,1543.0,3947.0
X25519MLKEM768,0,0,1280,pcap_X25519MLKEM768_L0_D0_M1280.pcapng,1,0.002537965774536133,1473.0,1473.0,1845.0,2,1,0,0.003422975540161133,1543.0,3946.0
X25519MLKEM768,0,0,1280,pcap_X25519MLKEM768_L0_D0_M1280.pcapng,1,0.0015769004821777344,1473.0,1473.0,1846.0,2,1,0,0.002794027328491211,1543.0,3947.0
X25519MLKEM768,0,0,1280,pcap_X25519MLKEM768_L0_D0_M1280.pcapng,1,0.0017390251159667969,1473.0,1473.0,1846.0,2,1,0,0.0029740333557128906,1543.0,3947.0
X25519MLKEM768,0,0,1280,pcap_X25519MLKEM768_L0_D0_M1280.pcapng,1,0.0016939640045166016,1473.0,1473.0,1847.0,2,1,0,0.002830982208251953,1543.0,3948.0
X25519MLKEM768,0,0,1280,pcap_X25519MLKEM768_L0_D0_M1280.pcapng,1,0.0015909671783447266,1473.0,1473.0,1846.0,2,1,0,0.002668142318725586,1543.0,3947.0
X25519MLKEM768,0,0,1280,pcap_X25519MLKEM768_L0_D0_M1280.pcapng,1,0.0018649101257324219,1473.0,1473.0,1847.0,2,1,0,0.003108978271484375,1543.0,3948.0
X25519MLKEM768,0,0,1280,pcap_X25519MLKEM768_L0_D0_M1280.pcapng,1,0.002518892288208008,1473.0,1473.0,1846.0,2,1,0,0.003777027130126953,1543.0,3947.0
X25519MLKEM768,0,0,1280,pcap_X25519MLKEM768_L0_D0_M1280.pcapng,1,0.0018649101257324219,1473.0,1473.0,1846.0,2,1,0,0.0030629634857177734,1543.0,3947.0
X25519MLKEM768,0,0,1280,pcap_X25519MLKEM768_L0_D0_M1280.pcapng,1,0.0014710426330566406,1473.0,1473.0,1845.0,2,1,0,0.002382040023803711,1543.0,3946.0
X25519MLKEM768,0,0,1280,pcap_X25519MLKEM768_L0_D0_M1280.pcapng,1,0.0018010139465332031,1473.0,1473.0,1847.0,2,1,0,0.0029129981994628906,1543.0,3948.0
X25519MLKEM768,0,0,1280,pcap_X25519MLKEM768_L0_D0_M1280.pcapng,1,0.0021789073944091797,1473.0,1473.0,1845.0,2,1,0,0.003587007522583008,1543.0,3946.0
X25519MLKEM768,0,0,1280,pcap_X25519MLKEM768_L0_D0_M1280.pcapng,1,0.0019199848175048828,1473.0,1473.0,1846.0,2,1,0,0.0029020309448242188,1543.0,3947.0
X25519MLKEM768,0,0,1280,pcap_X25519MLKEM768_L0_D0_M1280.pcapng,1,0.0015609264373779297,1473.0,1473.0,1847.0,2,1,0,0.002744913101196289,1543.0,3948.0
X25519MLKEM768,0,0,1280,pcap_X25519MLKEM768_L0_D0_M1280.pcapng,1,0.0016798973083496094,1473.0,1473.0,1846.0,2,1,0,0.0026450157165527344,1543.0,3947.0
X25519MLKEM768,0,0,1280,pcap_X25519MLKEM768_L0_D0_M1280.pcapng,1,0.0014050006866455078,1473.0,1473.0,1846.0,2,1,0,0.0023698806762695312,1543.0,3947.0
X25519MLKEM768,0,0,1280,pcap_X25519MLKEM768_L0_D0_M1280.pcapng,1,0.0023670196533203125,1473.0,1473.0,1846.0,2,1,0,0.004155158996582031,1543.0,3947.0
X25519MLKEM768,0,0,1280,pcap_X25519MLKEM768_L0_D0_M1280.pcapng,1,0.002351045608520508,1473.0,1473.0,1846.0,2,1,0,0.003629922866821289,1543.0,3947.0
X25519MLKEM768,0,0,1280,pcap_X25519MLKEM768_L0_D0_M1280.pcapng,1,0.0020439624786376953,1473.0,1473.0,1847.0,2,1,0,0.003401041030883789,1543.0,3948.0
X25519MLKEM768,0,0,1500,pcap_X25519MLKEM768_L0_D0_M1500.pcapng,1,0.0027370452880859375,1473.0,1473.0,1846.0,2,1,0,0.006476879119873047,1543.0,3947.0
X25519MLKEM768,0,0,1500,pcap_X25519MLKEM768_L0_D0_M1500.pcapng,1,0.001744985580444336,1473.0,1473.0,1846.0,2,1,0,0.003000020980834961,1543.0,3947.0
X25519MLKEM768,0,0,1500,pcap_X25519MLKEM768_L0_D0_M1500.pcapng,1,0.0029401779174804688,1473.0,1473.0,1847.0,2,1,0,0.004359006881713867,1543.0,3948.0
X25519MLKEM768,0,0,1500,pcap_X25519MLKEM768_L0_D0_M1500.pcapng,1,0.0019769668579101562,1473.0,1473.0,1846.0,2,1,0,0.00406193733215332,1543.0,3947.0
X25519MLKEM768,0,0,1500,pcap_X25519MLKEM768_L0_D0_M1500.pcapng,1,0.0019180774688720703,1473.0,1473.0,1846.0,2,1,0,0.0028259754180908203,1543.0,3947.0
X25519MLKEM768,0,0,1500,pcap_X25519MLKEM768_L0_D0_M1500.pcapng,1,0.0014548301696777344,1473.0,1473.0,1845.0,2,1,0,0.0024847984313964844,1543.0,3946.0
X25519MLKEM768,0,0,1500,pcap_X25519MLKEM768_L0_D0_M1500.pcapng,1,0.001814126968383789,1473.0,1473.0,1845.0,2,1,0,0.002674102783203125,1543.0,3946.0
X25519MLKEM768,0,0,1500,pcap_X25519MLKEM768_L0_D0_M1500.pcapng,1,0.002396821975708008,1473.0,1473.0,1846.0,2,1,0,0.005084991455078125,1543.0,3947.0
X25519MLKEM768,0,0,1500,pcap_X25519MLKEM768_L0_D0_M1500.pcapng,1,0.0017819404602050781,1473.0,1473.0,1847.0,2,1,0,0.0030138492584228516,1543.0,3948.0
X25519MLKEM768,0,0,1500,pcap_X25519MLKEM768_L0_D0_M1500.pcapng,1,0.001425027847290039,1473.0,1473.0,1845.0,2,1,0,0.0025069713592529297,1543.0,3946.0
X25519MLKEM768,0,0,1500,pcap_X25519MLKEM768_L0_D0_M1500.pcapng,1,0.001773834228515625,1473.0,1473.0,1845.0,2,1,0,0.003061056137084961,1543.0,3946.0
X25519MLKEM768,0,0,1500,pcap_X25519MLKEM768_L0_D0_M1500.pcapng,1,0.0023679733276367188,1473.0,1473.0,1846.0,2,1,0,0.0033500194549560547,1543.0,3947.0
X25519MLKEM768,0,0,1500,pcap_X25519MLKEM768_L0_D0_M1500.pcapng,1,0.001981973648071289,1473.0,1473.0,1847.0,2,1,0,0.0036139488220214844,1543.0,3948.0
X25519MLKEM768,0,0,1500,pcap_X25519MLKEM768_L0_D0_M1500.pcapng,1,0.003548145294189453,1473.0,1473.0,1847.0,2,1,0,0.005138874053955078,1543.0,3948.0
X25519MLKEM768,0,0,1500,pcap_X25519MLKEM768_L0_D0_M1500.pcapng,1,0.0016160011291503906,1473.0,1473.0,1845.0,2,1,0,0.0029349327087402344,1543.0,3946.0
X25519MLKEM768,0,0,1500,pcap_X25519MLKEM768_L0_D0_M1500.pcapng,1,0.001466989517211914,1473.0,1473.0,1846.0,2,1,0,0.003228902816772461,1543.0,3947.0
X25519MLKEM768,0,0,1500,pcap_X25519MLKEM768_L0_D0_M1500.pcapng,1,0.001981973648071289,1473.0,1473.0,1847.0,2,1,0,0.0031480789184570312,1543.0,3948.0
X25519MLKEM768,0,0,1500,pcap_X25519MLKEM768_L0_D0_M1500.pcapng,1,0.0016789436340332031,1473.0,1473.0,1845.0,2,1,0,0.002855062484741211,1543.0,3946.0
X25519MLKEM768,0,0,1500,pcap_X25519MLKEM768_L0_D0_M1500.pcapng,1,0.001734018325805664,1473.0,1473.0,1845.0,2,1,0,0.0026171207427978516,1543.0,3946.0
X25519MLKEM768,0,0,1500,pcap_X25519MLKEM768_L0_D0_M1500.pcapng,1,0.001631021499633789,1473.0,1473.0,1845.0,2,1,0,0.0028710365295410156,1543.0,3946.0
X25519MLKEM768,0,0,1500,pcap_X25519MLKEM768_L0_D0_M1500.pcapng,1,0.0018050670623779297,1473.0,1473.0,1845.0,2,1,0,0.002978086471557617,1543.0,3946.0
X25519MLKEM768,0,0,1500,pcap_X25519MLKEM768_L0_D0_M1500.pcapng,1,0.0016751289367675781,1473.0,1473.0,1846.0,2,1,0,0.002933025360107422,1543.0,3947.0
X25519MLKEM768,0,0,1500,pcap_X25519MLKEM768_L0_D0_M1500.pcapng,1,0.0017299652099609375,1473.0,1473.0,1845.0,2,1,0,0.0038580894470214844,1543.0,3946.0
X25519MLKEM768,0,0,1500,pcap_X25519MLKEM768_L0_D0_M1500.pcapng,1,0.0037140846252441406,1473.0,1473.0,1845.0,2,1,0,0.005014896392822266,1543.0,3946.0
X25519MLKEM768,0,0,1500,pcap_X25519MLKEM768_L0_D0_M1500.pcapng,1,0.0016129016876220703,1473.0,1473.0,1846.0,2,1,0,0.0028982162475585938,1543.0,3947.0
X25519MLKEM768,0,0,1500,pcap_X25519MLKEM768_L0_D0_M1500.pcapng,1,0.0027511119842529297,1473.0,1473.0,1846.0,2,1,0,0.003907918930053711,1543.0,3947.0
X25519MLKEM768,0,0,1500,pcap_X25519MLKEM768_L0_D0_M1500.pcapng,1,0.0015480518341064453,1473.0,1473.0,1847.0,2,1,0,0.0023889541625976562,1543.0,3948.0
X25519MLKEM768,0,0,1500,pcap_X25519MLKEM768_L0_D0_M1500.pcapng,1,0.0015158653259277344,1473.0,1473.0,1846.0,2,1,0,0.002619028091430664,1543.0,3947.0
X25519MLKEM768,0,0,1500,pcap_X25519MLKEM768_L0_D0_M1500.pcapng,1,0.001499176025390625,1473.0,1473.0,1845.0,2,1,0,0.00257110595703125,1543.0,3946.0
X25519MLKEM768,0,0,576,pcap_X25519MLKEM768_L0_D0_M576.pcapng,1,0.0014469623565673828,1473.0,1473.0,1847.0,2,1,0,0.002321958541870117,1543.0,3948.0
X25519MLKEM768,0,0,576,pcap_X25519MLKEM768_L0_D0_M576.pcapng,1,0.0016820430755615234,1473.0,1473.0,1846.0,2,1,0,0.0034689903259277344,1543.0,3947.0
X25519MLKEM768,0,0,576,pcap_X25519MLKEM768_L0_D0_M576.pcapng,1,0.002644062042236328,1473.0,1473.0,1846.0,2,1,0,0.0036940574645996094,1543.0,3947.0
X25519MLKEM768,0,0,576,pcap_X25519MLKEM768_L0_D0_M576.pcapng,1,0.001987934112548828,1473.0,1473.0,1845.0,2,1,0,0.0031609535217285156,1543.0,3946.0
X25519MLKEM768,0,0,576,pcap_X25519MLKEM768_L0_D0_M576.pcapng,1,0.002007007598876953,1473.0,1473.0,1846.0,2,1,0,0.003256082534790039,1543.0,3947.0
X25519MLKEM768,0,0,576,pcap_X25519MLKEM768_L0_D0_M576.pcapng,1,0.0022039413452148438,1473.0,1473.0,1845.0,2,1,0,0.003885984420776367,1543.0,3946.0
X25519MLKEM768,0,0,576,pcap_X25519MLKEM768_L0_D0_M576.pcapng,1,0.0018601417541503906,1473.0,1473.0,1846.0,2,1,0,0.0031890869140625,1543.0,3947.0
X25519MLKEM768,0,0,576,pcap_X25519MLKEM768_L0_D0_M576.pcapng,1,0.0022029876708984375,1473.0,1473.0,1846.0,2,1,0,0.0031850337982177734,1543.0,3947.0
X25519MLKEM768,0,0,576,pcap_X25519MLKEM768_L0_D0_M576.pcapng,1,0.0025539398193359375,1473.0,1473.0,1847.0,2,1,0,0.004403114318847656,1543.0,3948.0
X25519MLKEM768,0,0,576,pcap_X25519MLKEM768_L0_D0_M576.pcapng,1,0.0016880035400390625,1473.0,1473.0,1846.0,2,1,0,0.0031058788299560547,1543.0,3947.0
X25519MLKEM768,0,0,576,pcap_X25519MLKEM768_L0_D0_M576.pcapng,1,0.0016498565673828125,1473.0,1473.0,1846.0,2,1,0,0.0027608871459960938,1543.0,3947.0
X25519MLKEM768,0,0,576,pcap_X25519MLKEM768_L0_D0_M576.pcapng,1,0.0021169185638427734,1473.0,1473.0,1845.0,2,1,0,0.0037279129028320312,1543.0,3946.0
X25519MLKEM768,0,0,576,pcap_X25519MLKEM768_L0_D0_M576.pcapng,1,0.0024619102478027344,1473.0,1473.0,1845.0,2,1,0,0.005908012390136719,1543.0,3946.0
X25519MLKEM768,0,0,576,pcap_X25519MLKEM768_L0_D0_M576.pcapng,1,0.001984119415283203,1473.0,1473.0,1847.0,2,1,0,0.0031440258026123047,1543.0,3948.0
X25519MLKEM768,0,0,576,pcap_X25519MLKEM768_L0_D0_M576.pcapng,1,0.0025119781494140625,1473.0,1473.0,1846.0,2,1,0,0.004343986511230469,1543.0,3947.0
X25519MLKEM768,0,0,576,pcap_X25519MLKEM768_L0_D0_M576.pcapng,1,0.0018661022186279297,1473.0,1473.0,1845.0,2,1,0,0.0028760433197021484,1543.0,3946.0
X25519MLKEM768,0,0,576,pcap_X25519MLKEM768_L0_D0_M576.pcapng,1,0.002084970474243164,1473.0,1473.0,1847.0,2,1,0,0.0033800601959228516,1543.0,3948.0
X25519MLKEM768,0,0,576,pcap_X25519MLKEM768_L0_D0_M576.pcapng,1,0.0027260780334472656,1473.0,1473.0,1847.0,2,1,0,0.0045108795166015625,1543.0,3948.0
X25519MLKEM768,0,0,576,pcap_X25519MLKEM768_L0_D0_M576.pcapng,1,0.0023069381713867188,1473.0,1473.0,1846.0,2,1,0,0.0037360191345214844,1543.0,3947.0
X25519MLKEM768,0,0,576,pcap_X25519MLKEM768_L0_D0_M576.pcapng,1,0.001986980438232422,1473.0,1473.0,1846.0,2,1,0,0.0035979747772216797,1543.0,3947.0
X25519MLKEM768,0,0,576,pcap_X25519MLKEM768_L0_D0_M576.pcapng,1,0.0021309852600097656,1473.0,1473.0,1846.0,2,1,0,0.0034301280975341797,1543.0,3947.0
X25519MLKEM768,0,0,576,pcap_X25519MLKEM768_L0_D0_M576.pcapng,1,0.0020151138305664062,1473.0,1473.0,1847.0,2,1,0,0.003504037857055664,1543.0,3948.0
X25519MLKEM768,0,0,576,pcap_X25519MLKEM768_L0_D0_M576.pcapng,1,0.0016260147094726562,1473.0,1473.0,1846.0,2,1,0,0.006001949310302734,1543.0,3947.0
X25519MLKEM768,0,0,576,pcap_X25519MLKEM768_L0_D0_M576.pcapng,1,0.003425121307373047,1473.0,1473.0,1846.0,2,1,0,0.004778146743774414,1543.0,3947.0
X25519MLKEM768,0,0,576,pcap_X25519MLKEM768_L0_D0_M576.pcapng,1,0.0018239021301269531,1473.0,1473.0,1845.0,2,1,0,0.0031740665435791016,1543.0,3946.0
X25519MLKEM768,0,0,576,pcap_X25519MLKEM768_L0_D0_M576.pcapng,1,0.002513885498046875,1473.0,1473.0,1845.0,2,1,0,0.0038900375366210938,1543.0,3946.0
X25519MLKEM768,0,0,576,pcap_X25519MLKEM768_L0_D0_M576.pcapng,1,0.0022249221801757812,1473.0,1473.0,1847.0,2,1,0,0.0034279823303222656,1543.0,3948.0
X25519MLKEM768,0,0,576,pcap_X25519MLKEM768_L0_D0_M576.pcapng,1,0.0018110275268554688,1473.0,1473.0,1846.0,2,1,0,0.002698183059692383,1543.0,3947.0
X25519MLKEM768,0,0,576,pcap_X25519MLKEM768_L0_D0_M576.pcapng,1,0.0016880035400390625,1473.0,1473.0,1846.0,2,1,0,0.0032548904418945312,1543.0,3947.0
X25519MLKEM768,0,0,576,pcap_X25519MLKEM768_L0_D0_M576.pcapng,1,0.0027990341186523438,1473.0,1473.0,1847.0,2,1,0,0.0051920413970947266,1543.0,3948.0
X25519MLKEM768,0,50,1280,pcap_X25519MLKEM768_L0_D50_M1280.pcapng,1,0.10197901725769043,1473.0,1473.0,1845.0,2,1,0,0.4036898612976074,1543.0,3946.0
X25519MLKEM768,0,50,1280,pcap_X25519MLKEM768_L0_D50_M1280.pcapng,1,0.10268807411193848,1473.0,1473.0,1846.0,2,1,0,0.4055459499359131,1543.0,3947.0
X25519MLKEM768,0,50,1280,pcap_X25519MLKEM768_L0_D50_M1280.pcapng,1,0.10224199295043945,1473.0,1473.0,1846.0,2,1,0,0.40711498260498047,1543.0,3947.0
X25519MLKEM768,0,50,1280,pcap_X25519MLKEM768_L0_D50_M1280.pcapng,1,0.10231590270996094,1473.0,1473.0,1846.0,2,1,0,0.4046049118041992,1543.0,3947.0
X25519MLKEM768,0,50,1280,pcap_X25519MLKEM768_L0_D50_M1280.pcapng,1,0.10338091850280762,1473.0,1473.0,1847.0,2,1,0,0.40518784523010254,1543.0,3948.0
X25519MLKEM768,0,50,1280,pcap_X25519MLKEM768_L0_D50_M1280.pcapng,1,0.10218000411987305,1473.0,1473.0,1847.0,2,1,0,0.40427517890930176,1543.0,3948.0
X25519MLKEM768,0,50,1280,pcap_X25519MLKEM768_L0_D50_M1280.pcapng,1,0.10224604606628418,1473.0,1473.0,1846.0,2,1,0,0.4042079448699951,1543.0,3947.0
X25519MLKEM768,0,50,1280,pcap_X25519MLKEM768_L0_D50_M1280.pcapng,1,0.1031198501586914,1473.0,1473.0,1845.0,2,1,0,0.4052238464355469,1543.0,3946.0
X25519MLKEM768,0,50,1280,pcap_X25519MLKEM768_L0_D50_M1280.pcapng,1,0.10213804244995117,1473.0,1473.0,1847.0,2,1,0,0.4045100212097168,1543.0,3948.0
X25519MLKEM768,0,50,1280,pcap_X25519MLKEM768_L0_D50_M1280.pcapng,1,0.1022341251373291,1473.0,1473.0,1846.0,2,1,0,0.4060490131378174,1543.0,3947.0
X25519MLKEM768,0,50,1280,pcap_X25519MLKEM768_L0_D50_M1280.pcapng,1,0.10304403305053711,1473.0,1473.0,1845.0,2,1,0,0.4059131145477295,1543.0,3946.0
X25519MLKEM768,0,50,1280,pcap_X25519MLKEM768_L0_D50_M1280.pcapng,1,0.10266304016113281,1473.0,1473.0,1847.0,2,1,0,0.4063410758972168,1543.0,3948.0
X25519MLKEM768,0,50,1280,pcap_X25519MLKEM768_L0_D50_M1280.pcapng,1,0.10342597961425781,1473.0,1473.0,1846.0,2,1,0,0.4063711166381836,1543.0,3947.0
X25519MLKEM768,0,50,1280,pcap_X25519MLKEM768_L0_D50_M1280.pcapng,1,0.11199402809143066,1473.0,1473.0,1846.0,2,1,0,0.41400790214538574,1543.0,3947.0
X25519MLKEM768,0,50,1280,pcap_X25519MLKEM768_L0_D50_M1280.pcapng,1,0.10288095474243164,1473.0,1473.0,1845.0,2,1,0,0.40561389923095703,1543.0,3946.0
X25519MLKEM768,0,50,1280,pcap_X25519MLKEM768_L0_D50_M1280.pcapng,1,0.10263299942016602,1473.0,1473.0,1847.0,2,1,0,0.4047999382019043,1543.0,3948.0
X25519MLKEM768,0,50,1280,pcap_X25519MLKEM768_L0_D50_M1280.pcapng,1,0.10325908660888672,1473.0,1473.0,1846.0,2,1,0,0.4061739444732666,1543.0,3947.0
X25519MLKEM768,0,50,1280,pcap_X25519MLKEM768_L0_D50_M1280.pcapng,1,0.10266494750976562,1473.0,1473.0,1845.0,2,1,0,0.4058549404144287,1543.0,3946.0
X25519MLKEM768,0,50,1280,pcap_X25519MLKEM768_L0_D50_M1280.pcapng,1,0.10310697555541992,1473.0,1473.0,1846.0,2,1,0,0.40560007095336914,1543.0,3947.0
X25519MLKEM768,0,50,1280,pcap_X25519MLKEM768_L0_D50_M1280.pcapng,1,0.10285377502441406,1473.0,1473.0,1845.0,2,1,0,0.4049520492553711,1543.0,3946.0
X25519MLKEM768,0,50,1280,pcap_X25519MLKEM768_L0_D50_M1280.pcapng,1,0.10299801826477051,1473.0,1473.0,1847.0,2,1,0,0.4054710865020752,1543.0,3948.0
X25519MLKEM768,0,50,1280,pcap_X25519MLKEM768_L0_D50_M1280.pcapng,1,0.1022179126739502,1473.0,1473.0,1847.0,2,1,0,0.4045448303222656,1543.0,3948.0
X25519MLKEM768,0,50,1280,pcap_X25519MLKEM768_L0_D50_M1280.pcapng,1,0.1025381088256836,1473.0,1473.0,1846.0,2,1,0,0.4044921398162842,1543.0,3947.0
X25519MLKEM768,0,50,1280,pcap_X25519MLKEM768_L0_D50_M1280.pcapng,1,0.1026771068572998,1473.0,1473.0,1846.0,2,1,0,0.4047720432281494,1543.0,3947.0
X25519MLKEM768,0,50,1280,pcap_X25519MLKEM768_L0_D50_M1280.pcapng,1,0.10242986679077148,1473.0,1473.0,1845.0,2,1,0,0.40569305419921875,1543.0,3946.0
X25519MLKEM768,0,50,1280,pcap_X25519MLKEM768_L0_D50_M1280.pcapng,1,0.10198307037353516,1473.0,1473.0,1846.0,2,1,0,0.4042689800262451,1543.0,3947.0
X25519MLKEM768,0,50,1280,pcap_X25519MLKEM768_L0_D50_M1280.pcapng,1,0.10436701774597168,1473.0,1473.0,1847.0,2,1,0,0.4085829257965088,1543.0,3948.0
X25519MLKEM768,0,50,1280,pcap_X25519MLKEM768_L0_D50_M1280.pcapng,1,0.10356712341308594,1473.0,1473.0,1846.0,2,1,0,0.4056110382080078,1543.0,3947.0
X25519MLKEM768,0,50,1280,pcap_X25519MLKEM768_L0_D50_M1280.pcapng,1,0.1023709774017334,1473.0,1473.0,1847.0,2,1,0,0.40470004081726074,1543.0,3948.0
X25519MLKEM768,0,50,1280,pcap_X25519MLKEM768_L0_D50_M1280.pcapng,1,0.1029500961303711,1473.0,1473.0,1846.0,2,1,0,0.20402002334594727,1519.0,1846.0
X25519MLKEM768,0,50,1500,pcap_X25519MLKEM768_L0_D50_M1500.pcapng,1,0.10414695739746094,1473.0,1473.0,1847.0,2,1,0,0.4056870937347412,1543.0,3948.0
X25519MLKEM768,0,50,1500,pcap_X25519MLKEM768_L0_D50_M1500.pcapng,1,0.1020209789276123,1473.0,1473.0,1846.0,2,1,0,0.40444397926330566,1543.0,3947.0
X25519MLKEM768,0,50,1500,pcap_X25519MLKEM768_L0_D50_M1500.pcapng,1,0.10201096534729004,1473.0,1473.0,1847.0,2,1,0,0.4042699337005615,1543.0,3948.0
X25519MLKEM768,0,50,1500,pcap_X25519MLKEM768_L0_D50_M1500.pcapng,1,0.10224294662475586,1473.0,1473.0,1845.0,2,1,0,0.40521907806396484,1543.0,3946.0
X25519MLKEM768,0,50,1500,pcap_X25519MLKEM768_L0_D50_M1500.pcapng,1,0.10240912437438965,1473.0,1473.0,1846.0,2,1,0,0.4039790630340576,1543.0,3947.0
X25519MLKEM768,0,50,1500,pcap_X25519MLKEM768_L0_D50_M1500.pcapng,1,0.10235595703125,1473.0,1473.0,1845.0,2,1,0,0.40575695037841797,1543.0,3946.0
X25519MLKEM768,0,50,1500,pcap_X25519MLKEM768_L0_D50_M1500.pcapng,1,0.10199713706970215,1473.0,1473.0,1847.0,2,1,0,0.40390515327453613,1543.0,3948.0
X25519MLKEM768,0,50,1500,pcap_X25519MLKEM768_L0_D50_M1500.pcapng,1,0.10200285911560059,1473.0,1473.0,1845.0,2,1,0,0.40349411964416504,1543.0,3946.0
X25519MLKEM768,0,50,1500,pcap_X25519MLKEM768_L0_D50_M1500.pcapng,1,0.10210108757019043,1473.0,1473.0,1846.0,2,1,0,0.4052460193634033,1543.0,3947.0
X25519MLKEM768,0,50,1500,pcap_X25519MLKEM768_L0_D50_M1500.pcapng,1,0.10401701927185059,1473.0,1473.0,1846.0,2,1,0,0.40726304054260254,1543.0,3947.0
X25519MLKEM768,0,50,1500,pcap_X25519MLKEM768_L0_D50_M1500.pcapng,1,0.10261893272399902,1473.0,1473.0,1846.0,2,1,0,0.4064810276031494,1543.0,3947.0
X25519MLKEM768,0,50,1500,pcap_X25519MLKEM768_L0_D50_M1500.pcapng,1,0.10244202613830566,1473.0,1473.0,1846.0,2,1,0,0.40526318550109863,1543.0,3947.0
X25519MLKEM768,0,50,1500,pcap_X25519MLKEM768_L0_D50_M1500.pcapng,1,0.10227394104003906,1473.0,1473.0,1846.0,2,1,0,0.4039921760559082,1543.0,3947.0
X25519MLKEM768,0,50,1500,pcap_X25519MLKEM768_L0_D50_M1500.pcapng,1,0.10202193260192871,1473.0,1473.0,1846.0,2,1,0,0.403670072555542,1543.0,3947.0
X25519MLKEM768,0,50,1500,pcap_X25519MLKEM768_L0_D50_M1500.pcapng,1,0.10242104530334473,1473.0,1473.0,1845.0,2,1,0,0.4081730842590332,1543.0,3946.0
X25519MLKEM768,0,50,1500,pcap_X25519MLKEM768_L0_D50_M1500.pcapng,1,0.10296797752380371,1473.0,1473.0,1847.0,2,1,0,0.4053640365600586,1543.0,3948.0
X25519MLKEM768,0,50,1500,pcap_X25519MLKEM768_L0_D50_M1500.pcapng,1,0.10175895690917969,1473.0,1473.0,1847.0,2,1,0,0.40363097190856934,1543.0,3948.0
X25519MLKEM768,0,50,1500,pcap_X25519MLKEM768_L0_D50_M1500.pcapng,1,0.10268282890319824,1473.0,1473.0,1846.0,2,1,0,0.40491580963134766,1543.0,3947.0
X25519MLKEM768,0,50,1500,pcap_X25519MLKEM768_L0_D50_M1500.pcapng,1,0.10173201560974121,1473.0,1473.0,1845.0,2,1,0,0.4034609794616699,1543.0,3946.0
X25519MLKEM768,0,50,1500,pcap_X25519MLKEM768_L0_D50_M1500.pcapng,1,0.10345888137817383,1473.0,1473.0,1845.0,2,1,0,0.42528820037841797,1543.0,3946.0
X25519MLKEM768,0,50,1500,pcap_X25519MLKEM768_L0_D50_M1500.pcapng,1,0.10239195823669434,1473.0,1473.0,1846.0,2,1,0,0.40626096725463867,1543.0,3947.0
X25519MLKEM768,0,50,1500,pcap_X25519MLKEM768_L0_D50_M1500.pcapng,1,0.10306501388549805,1473.0,1473.0,1846.0,2,1,0,0.40551209449768066,1543.0,3947.0
X25519MLKEM768,0,50,1500,pcap_X25519MLKEM768_L0_D50_M1500.pcapng,1,0.10206794738769531,1473.0,1473.0,1846.0,2,1,0,0.40520310401916504,1543.0,3947.0
X25519MLKEM768,0,50,1500,pcap_X25519MLKEM768_L0_D50_M1500.pcapng,1,0.1029059886932373,1473.0,1473.0,1845.0,2,1,0,0.40523386001586914,1543.0,3946.0
X25519MLKEM768,0,50,1500,pcap_X25519MLKEM768_L0_D50_M1500.pcapng,1,0.10226702690124512,1473.0,1473.0,1845.0,2,1,0,0.40485382080078125,1543.0,3946.0
X25519MLKEM768,0,50,1500,pcap_X25519MLKEM768_L0_D50_M1500.pcapng,1,0.1023409366607666,1473.0,1473.0,1846.0,2,1,0,0.4050729274749756,1543.0,3947.0
X25519MLKEM768,0,50,1500,pcap_X25519MLKEM768_L0_D50_M1500.pcapng,1,0.10394120216369629,1473.0,1473.0,1846.0,2,1,0,0.40580296516418457,1543.0,3947.0
X25519MLKEM768,0,50,1500,pcap_X25519MLKEM768_L0_D50_M1500.pcapng,1,0.10329794883728027,1473.0,1473.0,1846.0,2,1,0,0.4081110954284668,1543.0,3947.0
X25519MLKEM768,0,50,1500,pcap_X25519MLKEM768_L0_D50_M1500.pcapng,1,0.1025090217590332,1473.0,1473.0,1845.0,2,1,0,0.40422987937927246,1543.0,3946.0
X25519MLKEM768,0,50,1500,pcap_X25519MLKEM768_L0_D50_M1500.pcapng,1,0.10539603233337402,1473.0,1473.0,1845.0,2,1,0,0.306732177734375,1519.0,3946.0
X25519MLKEM768,1,0,1280,pcap_X25519MLKEM768_L1_D0_M1280.pcapng,1,0.0013880729675292969,1473.0,1473.0,1846.0,2,1,0,0.002816915512084961,1543.0,3947.0
X25519MLKEM768,1,0,1280,pcap_X25519MLKEM768_L1_D0_M1280.pcapng,1,0.0014088153839111328,1473.0,1473.0,1845.0,2,1,0,0.002151966094970703,1543.0,3946.0
X25519MLKEM768,1,0,1280,pcap_X25519MLKEM768_L1_D0_M1280.pcapng,1,0.00589299201965332,1473.0,1473.0,1846.0,2,2,1,0.01088094711303711,1589.0,3947.0
X25519MLKEM768,1,0,1280,pcap_X25519MLKEM768_L1_D0_M1280.pcapng,1,0.0013668537139892578,1473.0,1473.0,1847.0,2,1,0,0.0021419525146484375,1543.0,3948.0
X25519MLKEM768,1,0,1280,pcap_X25519MLKEM768_L1_D0_M1280.pcapng,1,0.0015931129455566406,1473.0,1473.0,1846.0,2,1,0,0.002804994583129883,1543.0,3947.0
X25519MLKEM768,1,0,1280,pcap_X25519MLKEM768_L1_D0_M1280.pcapng,1,0.0016329288482666016,1473.0,1473.0,1847.0,2,1,0,0.0029108524322509766,1543.0,3948.0
X25519MLKEM768,1,0,1280,pcap_X25519MLKEM768_L1_D0_M1280.pcapng,1,0.0019497871398925781,1473.0,1473.0,1845.0,2,1,0,0.003086090087890625,1543.0,3946.0
X25519MLKEM768,1,0,1280,pcap_X25519MLKEM768_L1_D0_M1280.pcapng,1,0.0027670860290527344,1473.0,1473.0,1845.0,2,1,1,1.0609009265899658,1543.0,3946.0
X25519MLKEM768,1,0,1280,pcap_X25519MLKEM768_L1_D0_M1280.pcapng,1,0.0013380050659179688,1473.0,1473.0,1846.0,2,1,0,0.0021491050720214844,1543.0,3947.0
X25519MLKEM768,1,0,1280,pcap_X25519MLKEM768_L1_D0_M1280.pcapng,1,0.0023658275604248047,1473.0,1473.0,1847.0,2,1,0,0.004050016403198242,1543.0,3948.0
X25519MLKEM768,1,0,1280,pcap_X25519MLKEM768_L1_D0_M1280.pcapng,1,0.0020630359649658203,1473.0,1473.0,1847.0,2,1,0,0.003392934799194336,1543.0,3948.0
X25519MLKEM768,1,0,1280,pcap_X25519MLKEM768_L1_D0_M1280.pcapng,1,0.001611948013305664,1473.0,1473.0,1845.0,2,1,0,0.0027480125427246094,1543.0,3946.0
X25519MLKEM768,1,0,1280,pcap_X25519MLKEM768_L1_D0_M1280.pcapng,1,0.0018079280853271484,1473.0,1473.0,1846.0,2,1,0,0.003072977066040039,1543.0,3947.0
X25519MLKEM768,1,0,1280,pcap_X25519MLKEM768_L1_D0_M1280.pcapng,1,0.0016579627990722656,1473.0,1473.0,1845.0,2,1,0,0.0029840469360351562,1543.0,3946.0
X25519MLKEM768,1,0,1280,pcap_X25519MLKEM768_L1_D0_M1280.pcapng,1,0.0015101432800292969,1473.0,1473.0,1846.0,2,1,0,0.0025827884674072266,1543.0,3947.0
X25519MLKEM768,1,0,1280,pcap_X25519MLKEM768_L1_D0_M1280.pcapng,1,0.002379179000854492,1473.0,1473.0,1845.0,2,1,0,0.0032389163970947266,1543.0,3946.0
X25519MLKEM768,1,0,1280,pcap_X25519MLKEM768_L1_D0_M1280.pcapng,1,0.0016510486602783203,1473.0,1473.0,1846.0,2,1,0,0.003303050994873047,1543.0,3947.0
X25519MLKEM768,1,0,1280,pcap_X25519MLKEM768_L1_D0_M1280.pcapng,1,0.0016279220581054688,1473.0,1473.0,1846.0,2,1,0,0.0027420520782470703,1543.0,3947.0
X25519MLKEM768,1,0,1280,pcap_X25519MLKEM768_L1_D0_M1280.pcapng,1,0.0015468597412109375,1473.0,1473.0,1846.0,2,1,0,0.002496004104614258,1543.0,3947.0
X25519MLKEM768,1,0,1280,pcap_X25519MLKEM768_L1_D0_M1280.pcapng,1,0.0019049644470214844,1473.0,1473.0,1847.0,2,1,0,0.003126859664916992,1543.0,3948.0
X25519MLKEM768,1,0,1280,pcap_X25519MLKEM768_L1_D0_M1280.pcapng,1,0.0035991668701171875,1473.0,1473.0,1845.0,3,1,2,2.038304090499878,1543.0,3946.0
X25519MLKEM768,1,0,1280,pcap_X25519MLKEM768_L1_D0_M1280.pcapng,1,0.0017108917236328125,1473.0,1473.0,1846.0,2,1,0,0.0026710033416748047,1543.0,3947.0
X25519MLKEM768,1,0,1280,pcap_X25519MLKEM768_L1_D0_M1280.pcapng,1,0.0017309188842773438,1473.0,1473.0,1846.0,2,1,0,0.0031099319458007812,1543.0,3947.0
X25519MLKEM768,1,0,1280,pcap_X25519MLKEM768_L1_D0_M1280.pcapng,1,0.0016908645629882812,1473.0,1473.0,1847.0,2,1,0,0.002772092819213867,1543.0,3948.0
X25519MLKEM768,1,0,1280,pcap_X25519MLKEM768_L1_D0_M1280.pcapng,1,0.0019419193267822266,1473.0,1473.0,1847.0,2,1,0,0.003187894821166992,1543.0,3948.0
X25519MLKEM768,1,0,1280,pcap_X25519MLKEM768_L1_D0_M1280.pcapng,1,0.0023069381713867188,1473.0,1473.0,1846.0,2,1,0,0.2052149772644043,1543.0,3947.0
X25519MLKEM768,1,0,1280,pcap_X25519MLKEM768_L1_D0_M1280.pcapng,1,0.0021698474884033203,1473.0,1473.0,1846.0,2,1,0,0.0030710697174072266,1543.0,3947.0
X25519MLKEM768,1,0,1280,pcap_X25519MLKEM768_L1_D0_M1280.pcapng,1,0.0016639232635498047,1473.0,1473.0,1845.0,2,1,0,0.0028171539306640625,1543.0,3946.0
X25519MLKEM768,1,0,1280,pcap_X25519MLKEM768_L1_D0_M1280.pcapng,1,0.0044651031494140625,1473.0,1473.0,1846.0,2,1,0,0.005789995193481445,1543.0,3947.0
X25519MLKEM768,1,0,1500,pcap_X25519MLKEM768_L1_D0_M1500.pcapng,1,0.002732992172241211,1473.0,1473.0,1847.0,2,1,0,0.0041429996490478516,1543.0,3948.0
X25519MLKEM768,1,0,1500,pcap_X25519MLKEM768_L1_D0_M1500.pcapng,1,0.002668142318725586,1473.0,1473.0,1846.0,2,1,0,0.004595041275024414,1543.0,3947.0
X25519MLKEM768,1,0,1500,pcap_X25519MLKEM768_L1_D0_M1500.pcapng,1,0.0023980140686035156,1473.0,1473.0,1846.0,2,1,0,0.003970146179199219,1543.0,3947.0
X25519MLKEM768,1,0,1500,pcap_X25519MLKEM768_L1_D0_M1500.pcapng,1,0.0026388168334960938,1473.0,1473.0,1845.0,2,1,0,0.004524946212768555,1543.0,3946.0
X25519MLKEM768,1,0,1500,pcap_X25519MLKEM768_L1_D0_M1500.pcapng,1,0.0013499259948730469,1473.0,1473.0,1845.0,2,1,0,0.0020301342010498047,1543.0,3946.0
X25519MLKEM768,1,0,1500,pcap_X25519MLKEM768_L1_D0_M1500.pcapng,1,0.0019099712371826172,1473.0,1473.0,1845.0,2,1,0,0.0034170150756835938,1543.0,3946.0
X25519MLKEM768,1,0,1500,pcap_X25519MLKEM768_L1_D0_M1500.pcapng,1,0.0025031566619873047,1473.0,1473.0,1846.0,2,1,1,0.20899581909179688,1543.0,3947.0
X25519MLKEM768,1,0,1500,pcap_X25519MLKEM768_L1_D0_M1500.pcapng,1,0.0018360614776611328,1473.0,1473.0,1846.0,2,1,1,0.20748519897460938,1543.0,3947.0
X25519MLKEM768,1,0,1500,pcap_X25519MLKEM768_L1_D0_M1500.pcapng,1,0.0023500919342041016,1473.0,1473.0,1847.0,2,1,1,0.21578097343444824,1589.0,3948.0
X25519MLKEM768,1,0,1500,pcap_X25519MLKEM768_L1_D0_M1500.pcapng,1,0.0024251937866210938,1473.0,1473.0,1846.0,2,1,0,0.004434108734130859,1543.0,3947.0
X25519MLKEM768,1,0,1500,pcap_X25519MLKEM768_L1_D0_M1500.pcapng,1,0.0025758743286132812,1473.0,1473.0,1846.0,2,1,0,0.004712104797363281,1543.0,3947.0
X25519MLKEM768,1,0,1500,pcap_X25519MLKEM768_L1_D0_M1500.pcapng,1,0.0016138553619384766,1473.0,1473.0,1846.0,2,1,0,0.0024700164794921875,1543.0,3947.0
X25519MLKEM768,1,0,1500,pcap_X25519MLKEM768_L1_D0_M1500.pcapng,1,0.0016200542449951172,1473.0,1473.0,1847.0,2,1,0,0.002604961395263672,1543.0,3948.0
X25519MLKEM768,1,0,1500,pcap_X25519MLKEM768_L1_D0_M1500.pcapng,1,0.002344846725463867,1473.0,1473.0,1847.0,2,1,0,0.004214048385620117,1543.0,3948.0
X25519MLKEM768,1,0,1500,pcap_X25519MLKEM768_L1_D0_M1500.pcapng,1,0.0016050338745117188,1473.0,1473.0,1845.0,2,1,0,0.0027608871459960938,1543.0,3946.0
X25519MLKEM768,1,0,1500,pcap_X25519MLKEM768_L1_D0_M1500.pcapng,1,0.002371072769165039,1473.0,1473.0,1846.0,2,1,0,0.0036580562591552734,1543.0,3947.0
X25519MLKEM768,1,0,1500,pcap_X25519MLKEM768_L1_D0_M1500.pcapng,1,0.0025861263275146484,1473.0,1473.0,1847.0,2,1,0,0.0042819976806640625,1543.0,3948.0
X25519MLKEM768,1,0,1500,pcap_X25519MLKEM768_L1_D0_M1500.pcapng,1,0.0025179386138916016,1473.0,1473.0,1845.0,2,1,0,0.003534078598022461,1543.0,3946.0
X25519MLKEM768,1,0,1500,pcap_X25519MLKEM768_L1_D0_M1500.pcapng,1,0.002000093460083008,1473.0,1473.0,1846.0,2,1,0,0.0033960342407226562,1543.0,3947.0
X25519MLKEM768,1,0,1500,pcap_X25519MLKEM768_L1_D0_M1500.pcapng,1,0.002080202102661133,1473.0,1473.0,1847.0,2,1,0,0.0032629966735839844,1543.0,3948.0
X25519MLKEM768,1,0,1500,pcap_X25519MLKEM768_L1_D0_M1500.pcapng,1,0.0013871192932128906,1473.0,1473.0,1846.0,2,1,1,0.0021610260009765625,1567.0,3947.0
X25519MLKEM768,1,0,1500,pcap_X25519MLKEM768_L1_D0_M1500.pcapng,1,0.0020470619201660156,1473.0,1473.0,1846.0,2,1,0,0.0034019947052001953,1543.0,3947.0
X25519MLKEM768,1,0,1500,pcap_X25519MLKEM768_L1_D0_M1500.pcapng,1,0.003340005874633789,1473.0,1473.0,1845.0,2,1,0,0.004759788513183594,1543.0,3946.0
X25519MLKEM768,1,0,1500,pcap_X25519MLKEM768_L1_D0_M1500.pcapng,1,0.0019750595092773438,1473.0,1473.0,1847.0,2,1,0,0.003253936767578125,1543.0,3948.0
X25519MLKEM768,1,0,1500,pcap_X25519MLKEM768_L1_D0_M1500.pcapng,1,0.0020151138305664062,1473.0,1473.0,1846.0,2,1,0,0.003343820571899414,1543.0,3947.0
X25519MLKEM768,1,0,1500,pcap_X25519MLKEM768_L1_D0_M1500.pcapng,1,0.002153158187866211,1473.0,1473.0,1846.0,2,1,0,0.003261089324951172,1543.0,3947.0
X25519MLKEM768,1,0,1500,pcap_X25519MLKEM768_L1_D0_M1500.pcapng,1,0.001542806625366211,1473.0,1473.0,1845.0,2,1,0,0.0026209354400634766,1543.0,3946.0
X25519MLKEM768,1,0,1500,pcap_X25519MLKEM768_L1_D0_M1500.pcapng,1,0.0025489330291748047,1473.0,1473.0,1845.0,2,1,0,0.00392603874206543,1543.0,3946.0
X25519MLKEM768,1,0,1500,pcap_X25519MLKEM768_L1_D0_M1500.pcapng,1,0.0026140213012695312,1473.0,1473.0,1846.0,2,1,0,0.004559040069580078,1543.0,3947.0
X25519MLKEM768,1,0,1500,pcap_X25519MLKEM768_L1_D0_M1500.pcapng,1,0.0017900466918945312,1473.0,1473.0,1845.0,2,1,0,0.0031120777130126953,1543.0,3946.0
X25519MLKEM768,1,50,1280,pcap_X25519MLKEM768_L1_D50_M1280.pcapng,1,0.10220599174499512,1473.0,1473.0,1845.0,2,1,0,0.40514111518859863,1543.0,3946.0
X25519MLKEM768,1,50,1280,pcap_X25519MLKEM768_L1_D50_M1280.pcapng,1,0.10245394706726074,1473.0,1473.0,1846.0,2,1,0,0.40506601333618164,1543.0,3947.0
X25519MLKEM768,1,50,1280,pcap_X25519MLKEM768_L1_D50_M1280.pcapng,1,0.10247397422790527,1473.0,1473.0,1847.0,2,1,0,0.40604090690612793,1543.0,3948.0
X25519MLKEM768,1,50,1280,pcap_X25519MLKEM768_L1_D50_M1280.pcapng,1,0.10213398933410645,1473.0,1473.0,1847.0,2,1,0,0.40491509437561035,1543.0,3948.0
X25519MLKEM768,1,50,1280,pcap_X25519MLKEM768_L1_D50_M1280.pcapng,1,0.10432004928588867,1473.0,1473.0,1847.0,2,1,0,0.40668296813964844,1543.0,3948.0
X25519MLKEM768,1,50,1280,pcap_X25519MLKEM768_L1_D50_M1280.pcapng,1,0.10212898254394531,1473.0,1473.0,1847.0,2,1,0,0.4040489196777344,1543.0,3948.0
X25519MLKEM768,1,50,1280,pcap_X25519MLKEM768_L1_D50_M1280.pcapng,1,0.6127960681915283,1473.0,1473.0,1847.0,2,2,1,1.015110969543457,1543.0,3948.0
X25519MLKEM768,1,50,1280,pcap_X25519MLKEM768_L1_D50_M1280.pcapng,1,0.10386180877685547,1473.0,1473.0,1846.0,2,1,0,0.4078028202056885,1543.0,3947.0
X25519MLKEM768,1,50,1280,pcap_X25519MLKEM768_L1_D50_M1280.pcapng,1,0.10320591926574707,1473.0,1473.0,1846.0,2,1,0,0.4054081439971924,1543.0,3947.0
X25519MLKEM768,1,50,1280,pcap_X25519MLKEM768_L1_D50_M1280.pcapng,1,0.10240602493286133,1473.0,1473.0,1845.0,2,1,0,0.40419912338256836,1543.0,3946.0
X25519MLKEM768,1,50,1280,pcap_X25519MLKEM768_L1_D50_M1280.pcapng,1,0.1046898365020752,1473.0,1473.0,1846.0,2,1,0,0.4064619541168213,1543.0,3947.0
X25519MLKEM768,1,50,1280,pcap_X25519MLKEM768_L1_D50_M1280.pcapng,1,0.1053469181060791,1473.0,1473.0,1845.0,2,1,0,0.4068880081176758,1543.0,3946.0
X25519MLKEM768,1,50,1280,pcap_X25519MLKEM768_L1_D50_M1280.pcapng,1,0.10201501846313477,1473.0,1473.0,1845.0,2,1,0,0.40635204315185547,1543.0,3946.0
X25519MLKEM768,1,50,1280,pcap_X25519MLKEM768_L1_D50_M1280.pcapng,1,0.1022191047668457,1473.0,1473.0,1847.0,2,1,0,0.40495896339416504,1543.0,3948.0
X25519MLKEM768,1,50,1280,pcap_X25519MLKEM768_L1_D50_M1280.pcapng,1,0.10197997093200684,1473.0,1473.0,1845.0,2,1,0,0.40532779693603516,1543.0,3946.0
X25519MLKEM768,1,50,1280,pcap_X25519MLKEM768_L1_D50_M1280.pcapng,1,0.10187888145446777,1473.0,1473.0,1845.0,2,1,0,0.4062931537628174,1543.0,3946.0
X25519MLKEM768,1,50,1280,pcap_X25519MLKEM768_L1_D50_M1280.pcapng,1,0.10206484794616699,1473.0,1473.0,1845.0,2,1,2,0.6329741477966309,1543.0,3946.0
X25519MLKEM768,1,50,1280,pcap_X25519MLKEM768_L1_D50_M1280.pcapng,1,0.10195589065551758,1473.0,1473.0,1845.0,2,1,0,0.4035458564758301,1543.0,3946.0
X25519MLKEM768,1,50,1280,pcap_X25519MLKEM768_L1_D50_M1280.pcapng,1,0.10201907157897949,1473.0,1473.0,1846.0,2,1,0,0.40656614303588867,1543.0,3947.0
X25519MLKEM768,1,50,1280,pcap_X25519MLKEM768_L1_D50_M1280.pcapng,1,0.10275506973266602,1473.0,1473.0,1846.0,2,1,0,0.4062051773071289,1543.0,3947.0
X25519MLKEM768,1,50,1280,pcap_X25519MLKEM768_L1_D50_M1280.pcapng,1,0.10201311111450195,1473.0,1473.0,1846.0,2,1,0,0.4040660858154297,1543.0,3947.0
X25519MLKEM768,1,50,1280,pcap_X25519MLKEM768_L1_D50_M1280.pcapng,1,0.10252499580383301,1473.0,1473.0,1847.0,2,1,2,1.7116451263427734,1543.0,3948.0
X25519MLKEM768,1,50,1280,pcap_X25519MLKEM768_L1_D50_M1280.pcapng,1,0.10208797454833984,1473.0,1473.0,1847.0,2,1,0,0.404695987701416,1543.0,3948.0
X25519MLKEM768,1,50,1280,pcap_X25519MLKEM768_L1_D50_M1280.pcapng,1,0.10181903839111328,1473.0,1473.0,1845.0,2,1,0,0.4036240577697754,1543.0,3946.0
X25519MLKEM768,1,50,1280,pcap_X25519MLKEM768_L1_D50_M1280.pcapng,1,0.10381388664245605,1473.0,1473.0,1847.0,2,1,0,0.4067649841308594,1543.0,3948.0
X25519MLKEM768,1,50,1280,pcap_X25519MLKEM768_L1_D50_M1280.pcapng,1,0.1020810604095459,1473.0,1473.0,1846.0,2,1,0,0.4042229652404785,1543.0,3947.0
X25519MLKEM768,1,50,1280,pcap_X25519MLKEM768_L1_D50_M1280.pcapng,1,0.10210084915161133,1473.0,1473.0,1845.0,2,1,1,0.71421217918396,1543.0,3946.0
X25519MLKEM768,1,50,1280,pcap_X25519MLKEM768_L1_D50_M1280.pcapng,1,0.10186600685119629,1473.0,1473.0,1847.0,2,1,0,0.4034419059753418,1543.0,3948.0
X25519MLKEM768,1,50,1280,pcap_X25519MLKEM768_L1_D50_M1280.pcapng,1,0.10199999809265137,1473.0,1473.0,1847.0,2,1,0,0.4039909839630127,1543.0,3948.0
X25519MLKEM768,1,50,1280,pcap_X25519MLKEM768_L1_D50_M1280.pcapng,1,0.1026461124420166,1473.0,1473.0,1845.0,2,1,0,0.4050018787384033,1543.0,3946.0
X25519MLKEM768,1,50,1500,pcap_X25519MLKEM768_L1_D50_M1500.pcapng,1,0.10194516181945801,1473.0,1473.0,1845.0,2,1,0,0.4043459892272949,1543.0,3946.0
X25519MLKEM768,1,50,1500,pcap_X25519MLKEM768_L1_D50_M1500.pcapng,1,0.10298299789428711,1473.0,1473.0,1845.0,2,1,0,0.40533900260925293,1543.0,3946.0
X25519MLKEM768,1,50,1500,pcap_X25519MLKEM768_L1_D50_M1500.pcapng,1,0.10207486152648926,1473.0,1473.0,1845.0,2,1,0,0.40384793281555176,1543.0,3946.0
X25519MLKEM768,1,50,1500,pcap_X25519MLKEM768_L1_D50_M1500.pcapng,1,0.10422587394714355,1473.0,1473.0,1846.0,2,1,0,0.4067809581756592,1543.0,3947.0
X25519MLKEM768,1,50,1500,pcap_X25519MLKEM768_L1_D50_M1500.pcapng,1,0.10234618186950684,1473.0,1473.0,1846.0,2,1,0,0.40491604804992676,1543.0,3947.0
X25519MLKEM768,1,50,1500,pcap_X25519MLKEM768_L1_D50_M1500.pcapng,1,0.10234308242797852,1473.0,1473.0,1846.0,2,1,0,0.40419602394104004,1543.0,3947.0
X25519MLKEM768,1,50,1500,pcap_X25519MLKEM768_L1_D50_M1500.pcapng,1,0.1032111644744873,1473.0,1473.0,1846.0,2,1,0,0.40502381324768066,1543.0,3947.0
X25519MLKEM768,1,50,1500,pcap_X25519MLKEM768_L1_D50_M1500.pcapng,1,0.10204410552978516,1473.0,1473.0,1846.0,2,1,0,0.4042332172393799,1543.0,3947.0
X25519MLKEM768,1,50,1500,pcap_X25519MLKEM768_L1_D50_M1500.pcapng,1,0.10326600074768066,1473.0,1473.0,1847.0,2,1,1,0.5340170860290527,1623.0,3948.0
X25519MLKEM768,1,50,1500,pcap_X25519MLKEM768_L1_D50_M1500.pcapng,1,0.10254693031311035,1473.0,1473.0,1846.0,2,1,0,0.4042088985443115,1543.0,3947.0
X25519MLKEM768,1,50,1500,pcap_X25519MLKEM768_L1_D50_M1500.pcapng,1,0.1037299633026123,1473.0,1473.0,1845.0,2,1,0,0.40602898597717285,1543.0,3946.0
X25519MLKEM768,1,50,1500,pcap_X25519MLKEM768_L1_D50_M1500.pcapng,1,0.10224390029907227,1473.0,1473.0,1847.0,2,1,0,0.40420007705688477,1543.0,3948.0
X25519MLKEM768,1,50,1500,pcap_X25519MLKEM768_L1_D50_M1500.pcapng,1,0.10199999809265137,1473.0,1473.0,1847.0,2,1,0,0.405778169631958,1543.0,3948.0
X25519MLKEM768,1,50,1500,pcap_X25519MLKEM768_L1_D50_M1500.pcapng,1,0.10208296775817871,1473.0,1473.0,1846.0,2,1,0,0.4046938419342041,1543.0,3947.0
X25519MLKEM768,1,50,1500,pcap_X25519MLKEM768_L1_D50_M1500.pcapng,1,0.10200810432434082,1473.0,1473.0,1845.0,2,1,0,0.40462398529052734,1543.0,3946.0
X25519MLKEM768,1,50,1500,pcap_X25519MLKEM768_L1_D50_M1500.pcapng,1,0.1024320125579834,1473.0,1473.0,1845.0,2,1,0,0.4066619873046875,1543.0,3946.0
X25519MLKEM768,1,50,1500,pcap_X25519MLKEM768_L1_D50_M1500.pcapng,1,0.10210895538330078,1473.0,1473.0,1845.0,2,1,0,0.40381884574890137,1543.0,3946.0
X25519MLKEM768,1,50,1500,pcap_X25519MLKEM768_L1_D50_M1500.pcapng,1,0.1040339469909668,1473.0,1473.0,1845.0,2,1,0,0.4077939987182617,1543.0,3946.0
X25519MLKEM768,1,50,1500,pcap_X25519MLKEM768_L1_D50_M1500.pcapng,1,0.10247397422790527,1473.0,1473.0,1847.0,2,1,0,0.4101130962371826,1543.0,3948.0
X25519MLKEM768,1,50,1500,pcap_X25519MLKEM768_L1_D50_M1500.pcapng,1,0.10227108001708984,1473.0,1473.0,1847.0,2,1,0,0.4043729305267334,1543.0,3948.0
X25519MLKEM768,1,50,1500,pcap_X25519MLKEM768_L1_D50_M1500.pcapng,1,0.1019439697265625,1473.0,1473.0,1845.0,2,1,0,0.4037818908691406,1543.0,3946.0
X25519MLKEM768,1,50,1500,pcap_X25519MLKEM768_L1_D50_M1500.pcapng,1,0.10190606117248535,1473.0,1473.0,1845.0,2,1,0,0.40480804443359375,1543.0,3946.0
X25519MLKEM768,1,50,1500,pcap_X25519MLKEM768_L1_D50_M1500.pcapng,1,0.10393095016479492,1473.0,1473.0,1846.0,2,1,0,0.40667200088500977,1543.0,3947.0
X25519MLKEM768,1,50,1500,pcap_X25519MLKEM768_L1_D50_M1500.pcapng,1,0.10182499885559082,1473.0,1473.0,1846.0,2,1,0,0.4035971164703369,1543.0,3947.0
X25519MLKEM768,1,50,1500,pcap_X25519MLKEM768_L1_D50_M1500.pcapng,1,0.1018531322479248,1473.0,1473.0,1847.0,2,1,0,0.40376901626586914,1543.0,3948.0
X25519MLKEM768,1,50,1500,pcap_X25519MLKEM768_L1_D50_M1500.pcapng,1,0.10248303413391113,1473.0,1473.0,1846.0,2,1,0,0.40402698516845703,1543.0,3947.0
X25519MLKEM768,1,50,1500,pcap_X25519MLKEM768_L1_D50_M1500.pcapng,1,0.10194993019104004,1473.0,1473.0,1845.0,2,1,0,0.4035789966583252,1543.0,3946.0
X25519MLKEM768,1,50,1500,pcap_X25519MLKEM768_L1_D50_M1500.pcapng,1,0.10245084762573242,1473.0,1473.0,1847.0,2,1,0,0.40474891662597656,1543.0,3948.0
X25519MLKEM768,1,50,1500,pcap_X25519MLKEM768_L1_D50_M1500.pcapng,1,0.10274791717529297,1473.0,1473.0,1846.0,2,1,0,0.4060680866241455,1543.0,3947.0
X25519MLKEM768,1,50,1500,pcap_X25519MLKEM768_L1_D50_M1500.pcapng,1,0.10221219062805176,1473.0,1473.0,1846.0,2,1,0,0.30404210090637207,1543.0,3947.0
X25519MLKEM768,3,0,1280,pcap_X25519MLKEM768_L3_D0_M1280.pcapng,1,0.0018551349639892578,1473.0,1473.0,1845.0,2,1,0,0.0029392242431640625,1543.0,3946.0
X25519MLKEM768,3,0,1280,pcap_X25519MLKEM768_L3_D0_M1280.pcapng,1,0.0020639896392822266,1473.0,1473.0,1845.0,2,1,2,0.20784401893615723,1543.0,3946.0
X25519MLKEM768,3,0,1280,pcap_X25519MLKEM768_L3_D0_M1280.pcapng,1,0.0023050308227539062,1473.0,1473.0,1846.0,2,1,0,0.0036292076110839844,1543.0,3947.0
X25519MLKEM768,3,0,1280,pcap_X25519MLKEM768_L3_D0_M1280.pcapng,1,0.0019030570983886719,1473.0,1473.0,1847.0,2,1,0,0.002935171127319336,1543.0,3948.0
X25519MLKEM768,3,0,1280,pcap_X25519MLKEM768_L3_D0_M1280.pcapng,1,0.0022339820861816406,1473.0,1473.0,1846.0,2,1,1,0.20600485801696777,1543.0,3947.0
X25519MLKEM768,3,0,1280,pcap_X25519MLKEM768_L3_D0_M1280.pcapng,1,0.0017390251159667969,1473.0,1473.0,1846.0,2,1,0,0.002671957015991211,1543.0,3947.0
X25519MLKEM768,3,0,1280,pcap_X25519MLKEM768_L3_D0_M1280.pcapng,1,0.0016949176788330078,1473.0,1473.0,1846.0,2,1,0,0.0029451847076416016,1543.0,3947.0
X25519MLKEM768,3,0,1280,pcap_X25519MLKEM768_L3_D0_M1280.pcapng,1,0.0021409988403320312,1473.0,1473.0,1845.0,2,1,0,0.003139019012451172,1543.0,3946.0
X25519MLKEM768,3,0,1280,pcap_X25519MLKEM768_L3_D0_M1280.pcapng,1,0.0025072097778320312,1473.0,1473.0,1846.0,2,1,0,0.00380706787109375,1543.0,3947.0
X25519MLKEM768,3,0,1280,pcap_X25519MLKEM768_L3_D0_M1280.pcapng,1,0.00418400764465332,1473.0,1473.0,1846.0,2,1,0,0.005609989166259766,1543.0,3947.0
X25519MLKEM768,3,0,1280,pcap_X25519MLKEM768_L3_D0_M1280.pcapng,1,0.0030510425567626953,1473.0,1473.0,1846.0,2,1,0,0.004186868667602539,1543.0,3947.0
X25519MLKEM768,3,0,1280,pcap_X25519MLKEM768_L3_D0_M1280.pcapng,1,0.0015430450439453125,1473.0,1473.0,1846.0,2,1,0,0.0026319026947021484,1543.0,3947.0
X25519MLKEM768,3,0,1280,pcap_X25519MLKEM768_L3_D0_M1280.pcapng,1,0.0013880729675292969,1473.0,1473.0,1846.0,2,1,0,0.0024030208587646484,1543.0,3947.0
X25519MLKEM768,3,0,1280,pcap_X25519MLKEM768_L3_D0_M1280.pcapng,1,0.002505064010620117,1473.0,1473.0,1847.0,2,1,0,0.0044689178466796875,1543.0,3948.0
X25519MLKEM768,3,0,1280,pcap_X25519MLKEM768_L3_D0_M1280.pcapng,1,0.002054929733276367,1473.0,1473.0,1846.0,2,1,1,1.0054810047149658,1543.0,3947.0
X25519MLKEM768,3,0,1280,pcap_X25519MLKEM768_L3_D0_M1280.pcapng,1,0.0018520355224609375,1473.0,1473.0,1846.0,2,1,0,0.0028939247131347656,1543.0,3947.0
X25519MLKEM768,3,0,1280,pcap_X25519MLKEM768_L3_D0_M1280.pcapng,1,0.0013499259948730469,1473.0,1473.0,1845.0,2,1,0,0.20958590507507324,1543.0,3946.0
X25519MLKEM768,3,0,1280,pcap_X25519MLKEM768_L3_D0_M1280.pcapng,1,0.0020089149475097656,1473.0,1473.0,1845.0,2,1,0,0.003403902053833008,1543.0,3946.0
X25519MLKEM768,3,0,1280,pcap_X25519MLKEM768_L3_D0_M1280.pcapng,1,0.0016100406646728516,1473.0,1473.0,1845.0,2,1,0,0.002371072769165039,1543.0,3946.0
X25519MLKEM768,3,0,1280,pcap_X25519MLKEM768_L3_D0_M1280.pcapng,1,0.0022568702697753906,1473.0,1473.0,1846.0,2,1,0,0.0035860538482666016,1543.0,3947.0
X25519MLKEM768,3,0,1280,pcap_X25519MLKEM768_L3_D0_M1280.pcapng,1,0.0019600391387939453,1473.0,1473.0,1845.0,2,1,1,0.0031080245971679688,1623.0,3946.0
X25519MLKEM768,3,0,1280,pcap_X25519MLKEM768_L3_D0_M1280.pcapng,1,0.003894805908203125,1473.0,1473.0,1846.0,2,1,0,0.00609898567199707,1543.0,3947.0
X25519MLKEM768,3,0,1280,pcap_X25519MLKEM768_L3_D0_M1280.pcapng,1,0.0017039775848388672,1473.0,1473.0,1846.0,2,1,1,0.20997309684753418,1543.0,3947.0
X25519MLKEM768,3,0,1280,pcap_X25519MLKEM768_L3_D0_M1280.pcapng,1,0.0015649795532226562,1473.0,1473.0,1846.0,2,1,0,0.0023148059844970703,1543.0,3947.0
X25519MLKEM768,3,0,1280,pcap_X25519MLKEM768_L3_D0_M1280.pcapng,1,0.001837015151977539,1473.0,1473.0,1847.0,2,1,0,0.0030639171600341797,1543.0,3948.0
X25519MLKEM768,3,0,1280,pcap_X25519MLKEM768_L3_D0_M1280.pcapng,1,0.00162506103515625,1473.0,1473.0,1846.0,2,1,0,0.002698183059692383,1543.0,3947.0
X25519MLKEM768,3,0,1280,pcap_X25519MLKEM768_L3_D0_M1280.pcapng,1,0.0023200511932373047,1473.0,1473.0,1846.0,2,1,0,0.0035979747772216797,1543.0,3947.0
X25519MLKEM768,3,0,1280,pcap_X25519MLKEM768_L3_D0_M1280.pcapng,1,0.0012388229370117188,1473.0,1473.0,1845.0,2,1,0,0.0018200874328613281,1543.0,3946.0
X25519MLKEM768,3,0,1280,pcap_X25519MLKEM768_L3_D0_M1280.pcapng,1,0.002048015594482422,1473.0,1473.0,1845.0,2,1,0,0.003175020217895508,1543.0,3946.0
X25519MLKEM768,3,0,1280,pcap_X25519MLKEM768_L3_D0_M1280.pcapng,1,0.0016810894012451172,1473.0,1473.0,1846.0,2,1,0,0.002454042434692383,1543.0,3947.0
X25519MLKEM768,3,0,1500,pcap_X25519MLKEM768_L3_D0_M1500.pcapng,1,0.0015819072723388672,1473.0,1473.0,1847.0,2,1,1,1.0534310340881348,1543.0,3948.0
X25519MLKEM768,3,0,1500,pcap_X25519MLKEM768_L3_D0_M1500.pcapng,1,0.0022420883178710938,1473.0,1473.0,1846.0,2,1,0,0.0036351680755615234,1543.0,3947.0
X25519MLKEM768,3,0,1500,pcap_X25519MLKEM768_L3_D0_M1500.pcapng,1,0.0016281604766845703,1473.0,1473.0,1845.0,2,1,0,0.0025429725646972656,1543.0,3946.0
X25519MLKEM768,3,0,1500,pcap_X25519MLKEM768_L3_D0_M1500.pcapng,1,0.0025680065155029297,1473.0,1473.0,1846.0,2,1,0,0.004541158676147461,1543.0,3947.0
X25519MLKEM768,3,0,1500,pcap_X25519MLKEM768_L3_D0_M1500.pcapng,1,0.0019168853759765625,1473.0,1473.0,1847.0,2,1,0,0.002916097640991211,1543.0,3948.0
X25519MLKEM768,3,0,1500,pcap_X25519MLKEM768_L3_D0_M1500.pcapng,1,0.002225160598754883,1473.0,1473.0,1846.0,2,1,0,0.21418499946594238,1543.0,3947.0
X25519MLKEM768,3,0,1500,pcap_X25519MLKEM768_L3_D0_M1500.pcapng,1,0.0015249252319335938,1473.0,1473.0,1847.0,2,1,2,0.21176815032958984,1543.0,3948.0
X25519MLKEM768,3,0,1500,pcap_X25519MLKEM768_L3_D0_M1500.pcapng,1,0.001672983169555664,1473.0,1473.0,1846.0,2,1,0,0.0024700164794921875,1543.0,3947.0
X25519MLKEM768,3,0,1500,pcap_X25519MLKEM768_L3_D0_M1500.pcapng,1,0.002344846725463867,1473.0,1473.0,1846.0,2,1,0,0.0032129287719726562,1543.0,3947.0
X25519MLKEM768,3,0,1500,pcap_X25519MLKEM768_L3_D0_M1500.pcapng,1,0.0014719963073730469,1473.0,1473.0,1847.0,2,1,0,0.0021789073944091797,1543.0,3948.0
X25519MLKEM768,3,0,1500,pcap_X25519MLKEM768_L3_D0_M1500.pcapng,1,0.001531839370727539,1473.0,1473.0,1847.0,2,1,0,0.0023949146270751953,1543.0,3948.0
X25519MLKEM768,3,0,1500,pcap_X25519MLKEM768_L3_D0_M1500.pcapng,1,0.00121307373046875,1473.0,1473.0,1847.0,2,1,0,0.0018317699432373047,1543.0,3948.0
X25519MLKEM768,3,0,1500,pcap_X25519MLKEM768_L3_D0_M1500.pcapng,1,0.0019659996032714844,1473.0,1473.0,1847.0,2,1,0,0.003253936767578125,1543.0,3948.0
X25519MLKEM768,3,0,1500,pcap_X25519MLKEM768_L3_D0_M1500.pcapng,1,0.0014801025390625,1473.0,1473.0,1846.0,2,1,1,0.41840481758117676,1543.0,3947.0
X25519MLKEM768,3,0,1500,pcap_X25519MLKEM768_L3_D0_M1500.pcapng,1,0.0016109943389892578,1473.0,1473.0,1845.0,2,1,0,0.0028600692749023438,1543.0,3946.0
X25519MLKEM768,3,0,1500,pcap_X25519MLKEM768_L3_D0_M1500.pcapng,1,0.0018649101257324219,1473.0,1473.0,1846.0,2,2,2,1.0316920280456543,1543.0,3947.0
X25519MLKEM768,3,0,1500,pcap_X25519MLKEM768_L3_D0_M1500.pcapng,1,0.0018360614776611328,1473.0,1473.0,1845.0,2,1,0,0.005853891372680664,1543.0,3946.0
X25519MLKEM768,3,0,1500,pcap_X25519MLKEM768_L3_D0_M1500.pcapng,1,0.0019850730895996094,1473.0,1473.0,1845.0,2,1,0,0.00310516357421875,1543.0,3946.0
X25519MLKEM768,3,0,1500,pcap_X25519MLKEM768_L3_D0_M1500.pcapng,1,0.0018460750579833984,1473.0,1473.0,1846.0,2,1,0,0.0028650760650634766,1543.0,3947.0
X25519MLKEM768,3,0,1500,pcap_X25519MLKEM768_L3_D0_M1500.pcapng,1,0.0016460418701171875,1473.0,1473.0,1847.0,2,1,0,0.003618955612182617,1543.0,3948.0
X25519MLKEM768,3,0,1500,pcap_X25519MLKEM768_L3_D0_M1500.pcapng,1,0.0018229484558105469,1473.0,1473.0,1846.0,2,1,0,0.002917051315307617,1543.0,3947.0
X25519MLKEM768,3,0,1500,pcap_X25519MLKEM768_L3_D0_M1500.pcapng,1,0.0016090869903564453,1473.0,1473.0,1846.0,2,1,0,0.0029420852661132812,1543.0,3947.0
X25519MLKEM768,3,0,1500,pcap_X25519MLKEM768_L3_D0_M1500.pcapng,1,0.0018210411071777344,1473.0,1473.0,1847.0,2,1,0,0.0030481815338134766,1543.0,3948.0
X25519MLKEM768,3,0,1500,pcap_X25519MLKEM768_L3_D0_M1500.pcapng,1,0.0020470619201660156,1473.0,1473.0,1847.0,2,1,1,0.003377199172973633,1623.0,3948.0
X25519MLKEM768,3,0,1500,pcap_X25519MLKEM768_L3_D0_M1500.pcapng,1,0.00255584716796875,1473.0,1473.0,1846.0,2,1,0,0.0034368038177490234,1543.0,3947.0
X25519MLKEM768,3,0,1500,pcap_X25519MLKEM768_L3_D0_M1500.pcapng,1,0.002148151397705078,1473.0,1473.0,1847.0,2,1,0,0.0032269954681396484,1543.0,3948.0
X25519MLKEM768,3,0,1500,pcap_X25519MLKEM768_L3_D0_M1500.pcapng,1,0.0019369125366210938,1473.0,1473.0,1847.0,2,1,0,0.003804922103881836,1543.0,3948.0
X25519MLKEM768,3,0,1500,pcap_X25519MLKEM768_L3_D0_M1500.pcapng,1,0.0016248226165771484,1473.0,1473.0,1847.0,2,1,0,0.0027780532836914062,1543.0,3948.0
X25519MLKEM768,3,0,1500,pcap_X25519MLKEM768_L3_D0_M1500.pcapng,1,0.20922207832336426,2866.0,1473.0,1845.0,3,1,1,0.21030092239379883,2936.0,3946.0
X25519MLKEM768,3,0,1500,pcap_X25519MLKEM768_L3_D0_M1500.pcapng,1,0.0022220611572265625,1473.0,1473.0,1846.0,2,1,0,0.00337982177734375,1543.0,3947.0
X25519MLKEM768,3,50,1280,pcap_X25519MLKEM768_L3_D50_M1280.pcapng,1,0.10500192642211914,1473.0,1473.0,1846.0,2,1,0,0.4069550037384033,1543.0,3947.0
X25519MLKEM768,3,50,1280,pcap_X25519MLKEM768_L3_D50_M1280.pcapng,1,0.10278105735778809,1473.0,1473.0,1846.0,2,1,1,0.8073639869689941,1543.0,3947.0
X25519MLKEM768,3,50,1280,pcap_X25519MLKEM768_L3_D50_M1280.pcapng,1,0.13438105583190918,1473.0,1473.0,1846.0,2,1,0,0.4369690418243408,1543.0,3947.0
X25519MLKEM768,3,50,1280,pcap_X25519MLKEM768_L3_D50_M1280.pcapng,1,0.10274815559387207,1473.0,1473.0,1845.0,2,1,2,0.7100419998168945,1543.0,3946.0
X25519MLKEM768,3,50,1280,pcap_X25519MLKEM768_L3_D50_M1280.pcapng,1,0.10457205772399902,1473.0,1473.0,1846.0,2,1,0,0.5075099468231201,1543.0,3947.0
X25519MLKEM768,3,50,1280,pcap_X25519MLKEM768_L3_D50_M1280.pcapng,1,0.10184502601623535,1473.0,1473.0,1846.0,2,1,0,0.4034080505371094,1543.0,3947.0
X25519MLKEM768,3,50,1280,pcap_X25519MLKEM768_L3_D50_M1280.pcapng,1,0.10541009902954102,1473.0,1473.0,1847.0,2,1,0,0.4072110652923584,1543.0,3948.0
X25519MLKEM768,3,50,1280,pcap_X25519MLKEM768_L3_D50_M1280.pcapng,1,0.10167217254638672,1473.0,1473.0,1845.0,2,1,1,0.5335309505462646,1543.0,3946.0
X25519MLKEM768,3,50,1280,pcap_X25519MLKEM768_L3_D50_M1280.pcapng,1,0.20266294479370117,1473.0,1473.0,1846.0,2,2,2,1.608834981918335,1543.0,3947.0
X25519MLKEM768,3,50,1280,pcap_X25519MLKEM768_L3_D50_M1280.pcapng,1,0.10273504257202148,1473.0,1473.0,1847.0,2,1,0,0.4051041603088379,1543.0,3948.0
X25519MLKEM768,3,50,1280,pcap_X25519MLKEM768_L3_D50_M1280.pcapng,1,0.10309505462646484,1473.0,1473.0,1847.0,2,1,0,0.40524911880493164,1543.0,3948.0
X25519MLKEM768,3,50,1280,pcap_X25519MLKEM768_L3_D50_M1280.pcapng,1,0.10252094268798828,1473.0,1473.0,1847.0,2,1,0,0.40479588508605957,1543.0,3948.0
X25519MLKEM768,3,50,1280,pcap_X25519MLKEM768_L3_D50_M1280.pcapng,1,0.10508394241333008,1473.0,1473.0,1846.0,2,1,1,1.7175629138946533,1543.0,3947.0
X25519MLKEM768,3,50,1280,pcap_X25519MLKEM768_L3_D50_M1280.pcapng,1,0.10294795036315918,1473.0,1473.0,1845.0,2,1,0,0.40595293045043945,1543.0,3946.0
X25519MLKEM768,3,50,1280,pcap_X25519MLKEM768_L3_D50_M1280.pcapng,1,0.10282707214355469,1473.0,1473.0,1846.0,2,1,0,0.40572595596313477,1543.0,3947.0
X25519MLKEM768,3,50,1280,pcap_X25519MLKEM768_L3_D50_M1280.pcapng,1,0.10237693786621094,1473.0,1473.0,1845.0,2,1,1,1.4489459991455078,1543.0,3946.0
X25519MLKEM768,3,50,1280,pcap_X25519MLKEM768_L3_D50_M1280.pcapng,1,0.10257101058959961,1473.0,1473.0,1847.0,2,1,0,0.40494608879089355,1543.0,3948.0
X25519MLKEM768,3,50,1280,pcap_X25519MLKEM768_L3_D50_M1280.pcapng,1,0.10279488563537598,1473.0,1473.0,1847.0,2,1,0,0.40485191345214844,1543.0,3948.0
X25519MLKEM768,3,50,1280,pcap_X25519MLKEM768_L3_D50_M1280.pcapng,1,0.10355710983276367,1473.0,1473.0,1846.0,2,1,1,1.4379370212554932,1543.0,3947.0
X25519MLKEM768,3,50,1280,pcap_X25519MLKEM768_L3_D50_M1280.pcapng,1,0.10246706008911133,1473.0,1473.0,1847.0,2,1,2,0.714257001876831,1543.0,3948.0
X25519MLKEM768,3,50,1280,pcap_X25519MLKEM768_L3_D50_M1280.pcapng,1,0.10187697410583496,1473.0,1473.0,1845.0,2,1,0,0.4039449691772461,1543.0,3946.0
X25519MLKEM768,3,50,1280,pcap_X25519MLKEM768_L3_D50_M1280.pcapng,1,0.1020650863647461,1473.0,1473.0,1846.0,2,1,0,0.4037158489227295,1543.0,3947.0
X25519MLKEM768,3,50,1280,pcap_X25519MLKEM768_L3_D50_M1280.pcapng,1,0.10226893424987793,1473.0,1473.0,1846.0,2,1,0,0.40474581718444824,1543.0,3947.0
X25519MLKEM768,3,50,1280,pcap_X25519MLKEM768_L3_D50_M1280.pcapng,1,0.10192179679870605,1473.0,1473.0,1845.0,2,1,0,0.40369510650634766,1543.0,3946.0
X25519MLKEM768,3,50,1280,pcap_X25519MLKEM768_L3_D50_M1280.pcapng,1,0.10225987434387207,1473.0,1473.0,1846.0,2,1,0,0.4041619300842285,1543.0,3947.0
X25519MLKEM768,3,50,1280,pcap_X25519MLKEM768_L3_D50_M1280.pcapng,1,0.10228705406188965,1473.0,1473.0,1845.0,2,1,1,0.9370379447937012,1623.0,3946.0
X25519MLKEM768,3,50,1280,pcap_X25519MLKEM768_L3_D50_M1280.pcapng,1,0.10204005241394043,1473.0,1473.0,1846.0,2,1,0,0.4037787914276123,1543.0,3947.0
X25519MLKEM768,3,50,1280,pcap_X25519MLKEM768_L3_D50_M1280.pcapng,1,0.10450220108032227,1473.0,1473.0,1846.0,2,1,0,0.40700507164001465,1543.0,3947.0
X25519MLKEM768,3,50,1280,pcap_X25519MLKEM768_L3_D50_M1280.pcapng,1,0.10332798957824707,1473.0,1473.0,1847.0,2,1,2,0.714583158493042,1543.0,3948.0
X25519MLKEM768,3,50,1280,pcap_X25519MLKEM768_L3_D50_M1280.pcapng,1,0.10218095779418945,1473.0,1473.0,1846.0,2,1,0,0.504641056060791,1543.0,3947.0
X25519MLKEM768,3,50,1500,pcap_X25519MLKEM768_L3_D50_M1500.pcapng,1,0.10242891311645508,1473.0,1473.0,1846.0,2,1,0,0.4048480987548828,1543.0,3947.0
X25519MLKEM768,3,50,1500,pcap_X25519MLKEM768_L3_D50_M1500.pcapng,1,0.10306000709533691,1473.0,1473.0,1846.0,2,1,0,0.40836405754089355,1543.0,3947.0
X25519MLKEM768,3,50,1500,pcap_X25519MLKEM768_L3_D50_M1500.pcapng,1,0.10207891464233398,1473.0,1473.0,1847.0,2,1,0,0.4050779342651367,1543.0,3948.0
X25519MLKEM768,3,50,1500,pcap_X25519MLKEM768_L3_D50_M1500.pcapng,1,0.10227394104003906,1473.0,1473.0,1846.0,2,1,0,0.406919002532959,1543.0,3947.0
X25519MLKEM768,3,50,1500,pcap_X25519MLKEM768_L3_D50_M1500.pcapng,1,0.10195302963256836,1473.0,1473.0,1845.0,2,1,0,0.4058248996734619,1543.0,3946.0
X25519MLKEM768,3,50,1500,pcap_X25519MLKEM768_L3_D50_M1500.pcapng,1,0.10640811920166016,1473.0,1473.0,1846.0,2,1,0,0.8142681121826172,1543.0,3947.0
X25519MLKEM768,3,50,1500,pcap_X25519MLKEM768_L3_D50_M1500.pcapng,1,0.1018669605255127,1473.0,1473.0,1846.0,2,1,0,0.4046790599822998,1543.0,3947.0
X25519MLKEM768,3,50,1500,pcap_X25519MLKEM768_L3_D50_M1500.pcapng,1,0.1026449203491211,1473.0,1473.0,1847.0,2,1,0,0.40479111671447754,1543.0,3948.0
X25519MLKEM768,3,50,1500,pcap_X25519MLKEM768_L3_D50_M1500.pcapng,1,0.10344600677490234,1473.0,1473.0,1847.0,2,1,0,0.40763092041015625,1543.0,3948.0
X25519MLKEM768,3,50,1500,pcap_X25519MLKEM768_L3_D50_M1500.pcapng,1,0.10259795188903809,1473.0,1473.0,1846.0,2,1,0,0.4070398807525635,1543.0,3947.0
X25519MLKEM768,3,50,1500,pcap_X25519MLKEM768_L3_D50_M1500.pcapng,1,0.1045839786529541,1473.0,1473.0,1846.0,2,1,1,0.7100880146026611,1543.0,3947.0
X25519MLKEM768,3,50,1500,pcap_X25519MLKEM768_L3_D50_M1500.pcapng,1,0.10169196128845215,1473.0,1473.0,1845.0,2,1,0,0.40402913093566895,1543.0,3946.0
X25519MLKEM768,3,50,1500,pcap_X25519MLKEM768_L3_D50_M1500.pcapng,1,0.10238194465637207,1473.0,1473.0,1847.0,2,1,0,0.8142921924591064,1543.0,3948.0
X25519MLKEM768,3,50,1500,pcap_X25519MLKEM768_L3_D50_M1500.pcapng,1,0.10296916961669922,1473.0,1473.0,1845.0,2,1,0,0.40592408180236816,1543.0,3946.0
X25519MLKEM768,3,50,1500,pcap_X25519MLKEM768_L3_D50_M1500.pcapng,1,0.1020059585571289,1473.0,1473.0,1846.0,2,1,0,0.5043849945068359,1543.0,3947.0
X25519MLKEM768,3,50,1500,pcap_X25519MLKEM768_L3_D50_M1500.pcapng,1,0.10317611694335938,1473.0,1473.0,1846.0,2,1,0,0.4051389694213867,1543.0,3947.0
X25519MLKEM768,3,50,1500,pcap_X25519MLKEM768_L3_D50_M1500.pcapng,1,0.10266900062561035,1473.0,1473.0,1845.0,2,1,0,0.4050929546356201,1543.0,3946.0
X25519MLKEM768,3,50,1500,pcap_X25519MLKEM768_L3_D50_M1500.pcapng,1,0.10208702087402344,1473.0,1473.0,1846.0,2,1,0,0.4039299488067627,1543.0,3947.0
X25519MLKEM768,3,50,1500,pcap_X25519MLKEM768_L3_D50_M1500.pcapng,1,0.10227608680725098,1473.0,1473.0,1846.0,2,1,0,0.4038841724395752,1543.0,3947.0
X25519MLKEM768,3,50,1500,pcap_X25519MLKEM768_L3_D50_M1500.pcapng,1,0.10218596458435059,1473.0,1473.0,1846.0,2,1,0,0.40450191497802734,1543.0,3947.0
X25519MLKEM768,3,50,1500,pcap_X25519MLKEM768_L3_D50_M1500.pcapng,1,0.1020200252532959,1473.0,1473.0,1846.0,2,1,0,0.5064990520477295,1543.0,3947.0
X25519MLKEM768,3,50,1500,pcap_X25519MLKEM768_L3_D50_M1500.pcapng,1,0.10193705558776855,1473.0,1473.0,1847.0,2,1,0,0.40393710136413574,1543.0,3948.0
X25519MLKEM768,3,50,1500,pcap_X25519MLKEM768_L3_D50_M1500.pcapng,1,0.10241317749023438,1473.0,1473.0,1847.0,2,1,0,0.4048140048980713,1543.0,3948.0
X25519MLKEM768,3,50,1500,pcap_X25519MLKEM768_L3_D50_M1500.pcapng,1,0.10212421417236328,1473.0,1473.0,1845.0,2,1,0,0.406466007232666,1543.0,3946.0
X25519MLKEM768,3,50,1500,pcap_X25519MLKEM768_L3_D50_M1500.pcapng,1,0.10176491737365723,1473.0,1473.0,1846.0,2,1,0,0.40599679946899414,1543.0,3947.0
X25519MLKEM768,3,50,1500,pcap_X25519MLKEM768_L3_D50_M1500.pcapng,1,0.10319900512695312,1473.0,1473.0,1846.0,2,1,0,0.40572190284729004,1543.0,3947.0
X25519MLKEM768,3,50,1500,pcap_X25519MLKEM768_L3_D50_M1500.pcapng,1,0.10283184051513672,1473.0,1473.0,1847.0,2,1,0,0.4046590328216553,1543.0,3948.0
X25519MLKEM768,3,50,1500,pcap_X25519MLKEM768_L3_D50_M1500.pcapng,1,0.10212087631225586,1473.0,1473.0,1845.0,2,1,3,0.9422478675842285,1543.0,3946.0
X25519MLKEM768,3,50,1500,pcap_X25519MLKEM768_L3_D50_M1500.pcapng,1,0.1020650863647461,1473.0,1473.0,1846.0,2,1,0,0.405397891998291,1543.0,3947.0
X25519MLKEM768,3,50,1500,pcap_X25519MLKEM768_L3_D50_M1500.pcapng,1,0.10221004486083984,1473.0,1473.0,1845.0,2,1,0,0.40552306175231934,1543.0,3946.0
X25519,0,0,1280,pcap_X25519_L0_D0_M1280.pcapng,1,0.0016508102416992188,297.0,297.0,768.0,2,1,0,0.0029420852661132812,367.0,2869.0
X25519,0,0,1280,pcap_X25519_L0_D0_M1280.pcapng,1,0.0017888545989990234,297.0,297.0,767.0,2,1,0,0.003423929214477539,367.0,2868.0
X25519,0,0,1280,pcap_X25519_L0_D0_M1280.pcapng,1,0.0014200210571289062,297.0,297.0,768.0,2,1,0,0.0022029876708984375,367.0,2869.0
X25519,0,0,1280,pcap_X25519_L0_D0_M1280.pcapng,1,0.0013661384582519531,297.0,297.0,769.0,2,1,0,0.002257823944091797,367.0,2870.0
X25519,0,0,1280,pcap_X25519_L0_D0_M1280.pcapng,1,0.0013911724090576172,297.0,297.0,768.0,2,1,0,0.0023839473724365234,367.0,2869.0
X25519,0,0,1280,pcap_X25519_L0_D0_M1280.pcapng,1,0.0012481212615966797,297.0,297.0,768.0,2,1,0,0.0022079944610595703,367.0,2869.0
X25519,0,0,1280,pcap_X25519_L0_D0_M1280.pcapng,1,0.002420186996459961,297.0,297.0,767.0,2,1,0,0.0035910606384277344,367.0,2868.0
X25519,0,0,1280,pcap_X25519_L0_D0_M1280.pcapng,1,0.0014789104461669922,297.0,297.0,768.0,2,1,0,0.002405881881713867,367.0,2869.0
X25519,0,0,1280,pcap_X25519_L0_D0_M1280.pcapng,1,0.0021941661834716797,297.0,297.0,768.0,2,1,0,0.0031490325927734375,367.0,2869.0
X25519,0,0,1280,pcap_X25519_L0_D0_M1280.pcapng,1,0.002847909927368164,297.0,297.0,768.0,2,1,0,0.0037832260131835938,367.0,2869.0
X25519,0,0,1280,pcap_X25519_L0_D0_M1280.pcapng,1,0.0022499561309814453,297.0,297.0,767.0,2,1,0,0.003259897232055664,367.0,2868.0
X25519,0,0,1280,pcap_X25519_L0_D0_M1280.pcapng,1,0.002206087112426758,297.0,297.0,768.0,2,1,0,0.004106998443603516,367.0,2869.0
X25519,0,0,1280,pcap_X25519_L0_D0_M1280.pcapng,1,0.0029687881469726562,297.0,297.0,768.0,2,1,0,0.004251003265380859,367.0,2869.0
X25519,0,0,1280,pcap_X25519_L0_D0_M1280.pcapng,1,0.005559206008911133,297.0,297.0,769.0,2,1,0,0.0091400146484375,367.0,2870.0
X25519,0,0,1280,pcap_X25519_L0_D0_M1280.pcapng,1,0.0013971328735351562,297.0,297.0,769.0,2,1,0,0.0024809837341308594,367.0,2870.0
X25519,0,0,1280,pcap_X25519_L0_D0_M1280.pcapng,1,0.0018320083618164062,297.0,297.0,767.0,2,1,0,0.0029649734497070312,367.0,2868.0
X25519,0,0,1280,pcap_X25519_L0_D0_M1280.pcapng,1,0.0016231536865234375,297.0,297.0,769.0,2,1,0,0.0026569366455078125,367.0,2870.0
X25519,0,0,1280,pcap_X25519_L0_D0_M1280.pcapng,1,0.0021660327911376953,297.0,297.0,769.0,2,1,0,0.004033088684082031,367.0,2870.0
X25519,0,0,1280,pcap_X25519_L0_D0_M1280.pcapng,1,0.0014379024505615234,297.0,297.0,768.0,2,1,0,0.0025718212127685547,367.0,2869.0
X25519,0,0,1280,pcap_X25519_L0_D0_M1280.pcapng,1,0.0022470951080322266,297.0,297.0,767.0,2,1,0,0.003906965255737305,367.0,2868.0
X25519,0,0,1280,pcap_X25519_L0_D0_M1280.pcapng,1,0.0016160011291503906,297.0,297.0,768.0,2,1,0,0.0027780532836914062,367.0,2869.0
X25519,0,0,1280,pcap_X25519_L0_D0_M1280.pcapng,1,0.002371072769165039,297.0,297.0,767.0,2,1,0,0.004349946975708008,367.0,2868.0
X25519,0,0,1280,pcap_X25519_L0_D0_M1280.pcapng,1,0.0018138885498046875,297.0,297.0,768.0,2,1,0,0.003226041793823242,367.0,2869.0
X25519,0,0,1280,pcap_X25519_L0_D0_M1280.pcapng,1,0.0022661685943603516,297.0,297.0,768.0,2,1,0,0.004121065139770508,367.0,2869.0
X25519,0,0,1280,pcap_X25519_L0_D0_M1280.pcapng,1,0.0015561580657958984,297.0,297.0,769.0,2,1,0,0.002936124801635742,367.0,2870.0
X25519,0,0,1280,pcap_X25519_L0_D0_M1280.pcapng,1,0.0018301010131835938,297.0,297.0,769.0,2,1,0,0.003014087677001953,367.0,2870.0
X25519,0,0,1280,pcap_X25519_L0_D0_M1280.pcapng,1,0.002012014389038086,297.0,297.0,767.0,2,1,0,0.0037889480590820312,367.0,2868.0
X25519,0,0,1280,pcap_X25519_L0_D0_M1280.pcapng,1,0.0015900135040283203,297.0,297.0,769.0,2,1,0,0.0026171207427978516,367.0,2870.0
X25519,0,0,1280,pcap_X25519_L0_D0_M1280.pcapng,1,0.002362966537475586,297.0,297.0,767.0,2,1,0,0.0033440589904785156,367.0,2868.0
X25519,0,0,1280,pcap_X25519_L0_D0_M1280.pcapng,1,0.0015759468078613281,297.0,297.0,767.0,2,1,0,0.002721071243286133,367.0,2868.0
X25519,0,0,1500,pcap_X25519_L0_D0_M1500.pcapng,1,0.0021610260009765625,297.0,297.0,767.0,2,1,0,0.004379987716674805,367.0,2868.0
X25519,0,0,1500,pcap_X25519_L0_D0_M1500.pcapng,1,0.0013260841369628906,297.0,297.0,768.0,2,1,0,0.0019681453704833984,367.0,2869.0
X25519,0,0,1500,pcap_X25519_L0_D0_M1500.pcapng,1,0.0013890266418457031,297.0,297.0,769.0,2,1,0,0.0023860931396484375,367.0,2870.0
X25519,0,0,1500,pcap_X25519_L0_D0_M1500.pcapng,1,0.0032181739807128906,297.0,297.0,767.0,2,1,0,0.0042438507080078125,367.0,2868.0
X25519,0,0,1500,pcap_X25519_L0_D0_M1500.pcapng,1,0.0017409324645996094,297.0,297.0,768.0,2,1,0,0.0027840137481689453,367.0,2869.0
X25519,0,0,1500,pcap_X25519_L0_D0_M1500.pcapng,1,0.0015819072723388672,297.0,297.0,768.0,2,1,0,0.0022208690643310547,367.0,2869.0
X25519,0,0,1500,pcap_X25519_L0_D0_M1500.pcapng,1,0.0015740394592285156,297.0,297.0,769.0,2,1,0,0.002827167510986328,367.0,2870.0
X25519,0,0,1500,pcap_X25519_L0_D0_M1500.pcapng,1,0.0015189647674560547,297.0,297.0,769.0,2,1,0,0.0024938583374023438,367.0,2870.0
X25519,0,0,1500,pcap_X25519_L0_D0_M1500.pcapng,1,0.0016109943389892578,297.0,297.0,768.0,2,1,0,0.0025529861450195312,367.0,2869.0
X25519,0,0,1500,pcap_X25519_L0_D0_M1500.pcapng,1,0.005552768707275391,297.0,297.0,769.0,2,1,0,0.006794929504394531,367.0,2870.0
X25519,0,0,1500,pcap_X25519_L0_D0_M1500.pcapng,1,0.002312898635864258,297.0,297.0,767.0,2,1,0,0.0034389495849609375,367.0,2868.0
X25519,0,0,1500,pcap_X25519_L0_D0_M1500.pcapng,1,0.0012760162353515625,297.0,297.0,767.0,2,1,0,0.002218961715698242,367.0,2868.0
X25519,0,0,1500,pcap_X25519_L0_D0_M1500.pcapng,1,0.001196146011352539,297.0,297.0,768.0,2,1,0,0.0017659664154052734,367.0,2869.0
X25519,0,0,1500,pcap_X25519_L0_D0_M1500.pcapng,1,0.0015339851379394531,297.0,297.0,767.0,2,1,0,0.0022308826446533203,367.0,2868.0
X25519,0,0,1500,pcap_X25519_L0_D0_M1500.pcapng,1,0.0014340877532958984,297.0,297.0,769.0,2,1,0,0.002402067184448242,367.0,2870.0
X25519,0,0,1500,pcap_X25519_L0_D0_M1500.pcapng,1,0.0017199516296386719,297.0,297.0,769.0,2,1,0,0.002513885498046875,367.0,2870.0
X25519,0,0,1500,pcap_X25519_L0_D0_M1500.pcapng,1,0.0018448829650878906,297.0,297.0,767.0,2,1,0,0.0031418800354003906,367.0,2868.0
X25519,0,0,1500,pcap_X25519_L0_D0_M1500.pcapng,1,0.002022981643676758,297.0,297.0,767.0,2,1,0,0.0028350353240966797,367.0,2868.0
X25519,0,0,1500,pcap_X25519_L0_D0_M1500.pcapng,1,0.0012469291687011719,297.0,297.0,768.0,2,1,0,0.002193927764892578,367.0,2869.0
X25519,0,0,1500,pcap_X25519_L0_D0_M1500.pcapng,1,0.0014522075653076172,297.0,297.0,768.0,2,1,0,0.0021882057189941406,367.0,2869.0
X25519,0,0,1500,pcap_X25519_L0_D0_M1500.pcapng,1,0.0014700889587402344,297.0,297.0,768.0,2,1,0,0.002627134323120117,367.0,2869.0
X25519,0,0,1500,pcap_X25519_L0_D0_M1500.pcapng,1,0.0013921260833740234,297.0,297.0,768.0,2,1,0,0.0020558834075927734,367.0,2869.0
X25519,0,0,1500,pcap_X25519_L0_D0_M1500.pcapng,1,0.001413106918334961,297.0,297.0,767.0,2,1,0,0.002176046371459961,367.0,2868.0
X25519,0,0,1500,pcap_X25519_L0_D0_M1500.pcapng,1,0.0018727779388427734,297.0,297.0,769.0,2,1,0,0.0025119781494140625,367.0,2870.0
X25519,0,0,1500,pcap_X25519_L0_D0_M1500.pcapng,1,0.0015251636505126953,297.0,297.0,769.0,2,1,0,0.002527952194213867,367.0,2870.0
X25519,0,0,1500,pcap_X25519_L0_D0_M1500.pcapng,1,0.001277923583984375,297.0,297.0,768.0,2,1,0,0.0019071102142333984,367.0,2869.0
X25519,0,0,1500,pcap_X25519_L0_D0_M1500.pcapng,1,0.0013580322265625,297.0,297.0,769.0,2,1,0,0.002376079559326172,367.0,2870.0
X25519,0,0,1500,pcap_X25519_L0_D0_M1500.pcapng,1,0.0013668537139892578,297.0,297.0,768.0,2,1,0,0.002340078353881836,367.0,2869.0
X25519,0,0,1500,pcap_X25519_L0_D0_M1500.pcapng,1,0.001416921615600586,297.0,297.0,769.0,2,1,0,0.0024170875549316406,367.0,2870.0
X25519,0,0,1500,pcap_X25519_L0_D0_M1500.pcapng,1,0.0013840198516845703,297.0,297.0,768.0,2,1,0,0.0027780532836914062,367.0,2869.0
X25519,0,0,576,pcap_X25519_L0_D0_M576.pcapng,1,0.0016031265258789062,297.0,297.0,768.0,2,1,0,0.00257110595703125,367.0,2869.0
X25519,0,0,576,pcap_X25519_L0_D0_M576.pcapng,1,0.0013289451599121094,297.0,297.0,768.0,2,1,0,0.0021631717681884766,367.0,2869.0
X25519,0,0,576,pcap_X25519_L0_D0_M576.pcapng,1,0.002315998077392578,297.0,297.0,768.0,2,1,0,0.004208803176879883,367.0,2869.0
X25519,0,0,576,pcap_X25519_L0_D0_M576.pcapng,1,0.0017039775848388672,297.0,297.0,768.0,2,1,0,0.0028488636016845703,367.0,2869.0
X25519,0,0,576,pcap_X25519_L0_D0_M576.pcapng,1,0.0020949840545654297,297.0,297.0,766.0,2,1,0,0.0035750865936279297,367.0,2867.0
X25519,0,0,576,pcap_X25519_L0_D0_M576.pcapng,1,0.0014760494232177734,297.0,297.0,768.0,2,1,0,0.0024139881134033203,367.0,2869.0
X25519,0,0,576,pcap_X25519_L0_D0_M576.pcapng,1,0.0018939971923828125,297.0,297.0,767.0,2,1,0,0.003422975540161133,367.0,2868.0
X25519,0,0,576,pcap_X25519_L0_D0_M576.pcapng,1,0.002949953079223633,297.0,297.0,769.0,2,1,0,0.006059169769287109,367.0,2870.0
X25519,0,0,576,pcap_X25519_L0_D0_M576.pcapng,1,0.0019931793212890625,297.0,297.0,769.0,2,1,0,0.002844095230102539,367.0,2870.0
X25519,0,0,576,pcap_X25519_L0_D0_M576.pcapng,1,0.002641916275024414,297.0,297.0,769.0,2,1,0,0.00474095344543457,367.0,2870.0
X25519,0,0,576,pcap_X25519_L0_D0_M576.pcapng,1,0.0022602081298828125,297.0,297.0,768.0,2,1,0,0.0033731460571289062,367.0,2869.0
X25519,0,0,576,pcap_X25519_L0_D0_M576.pcapng,1,0.0016720294952392578,297.0,297.0,769.0,2,1,0,0.0047190189361572266,367.0,2870.0
X25519,0,0,576,pcap_X25519_L0_D0_M576.pcapng,1,0.0021309852600097656,297.0,297.0,769.0,2,1,0,0.003515958786010742,367.0,2870.0
X25519,0,0,576,pcap_X25519_L0_D0_M576.pcapng,1,0.0022470951080322266,297.0,297.0,768.0,2,1,0,0.004377126693725586,367.0,2869.0
X25519,0,0,576,pcap_X25519_L0_D0_M576.pcapng,1,0.0013949871063232422,297.0,297.0,769.0,2,1,0,0.00220489501953125,367.0,2870.0
X25519,0,0,576,pcap_X25519_L0_D0_M576.pcapng,1,0.0017740726470947266,297.0,297.0,768.0,2,1,0,0.0026290416717529297,367.0,2869.0
X25519,0,0,576,pcap_X25519_L0_D0_M576.pcapng,1,0.00392913818359375,297.0,297.0,768.0,2,1,0,0.005448102951049805,367.0,2869.0
X25519,0,0,576,pcap_X25519_L0_D0_M576.pcapng,1,0.0013599395751953125,297.0,297.0,769.0,2,1,0,0.0024368762969970703,367.0,2870.0
X25519,0,0,576,pcap_X25519_L0_D0_M576.pcapng,1,0.0023360252380371094,297.0,297.0,768.0,2,1,0,0.0033409595489501953,367.0,2869.0
X25519,0,0,576,pcap_X25519_L0_D0_M576.pcapng,1,0.001987934112548828,297.0,297.0,768.0,2,1,0,0.002928018569946289,367.0,2869.0
X25519,0,0,576,pcap_X25519_L0_D0_M576.pcapng,1,0.0015358924865722656,297.0,297.0,768.0,2,1,0,0.002708911895751953,367.0,2869.0
X25519,0,0,576,pcap_X25519_L0_D0_M576.pcapng,1,0.0021910667419433594,297.0,297.0,768.0,2,1,0,0.0038940906524658203,367.0,2869.0
X25519,0,0,576,pcap_X25519_L0_D0_M576.pcapng,1,0.0017490386962890625,297.0,297.0,767.0,2,1,0,0.0030219554901123047,367.0,2868.0
X25519,0,0,576,pcap_X25519_L0_D0_M576.pcapng,1,0.002190828323364258,297.0,297.0,768.0,2,1,0,0.0038728713989257812,367.0,2869.0
X25519,0,0,576,pcap_X25519_L0_D0_M576.pcapng,1,0.001931905746459961,297.0,297.0,768.0,2,1,0,0.0036280155181884766,367.0,2869.0
X25519,0,0,576,pcap_X25519_L0_D0_M576.pcapng,1,0.001461029052734375,297.0,297.0,768.0,2,1,0,0.003390789031982422,367.0,2869.0
X25519,0,0,576,pcap_X25519_L0_D0_M576.pcapng,1,0.0023539066314697266,297.0,297.0,768.0,2,1,0,0.003702878952026367,367.0,2869.0
X25519,0,0,576,pcap_X25519_L0_D0_M576.pcapng,1,0.001734018325805664,297.0,297.0,767.0,2,1,0,0.0024900436401367188,367.0,2868.0
X25519,0,0,576,pcap_X25519_L0_D0_M576.pcapng,1,0.0012860298156738281,297.0,297.0,769.0,2,1,0,0.001928091049194336,367.0,2870.0
X25519,0,0,576,pcap_X25519_L0_D0_M576.pcapng,1,0.0012788772583007812,297.0,297.0,768.0,2,1,0,0.0019800662994384766,367.0,2869.0
X25519,0,50,1280,pcap_X25519_L0_D50_M1280.pcapng,1,0.10179305076599121,297.0,297.0,769.0,2,1,0,0.40370607376098633,367.0,2870.0
X25519,0,50,1280,pcap_X25519_L0_D50_M1280.pcapng,1,0.10271501541137695,297.0,297.0,768.0,2,1,0,0.40454602241516113,367.0,2869.0
X25519,0,50,1280,pcap_X25519_L0_D50_M1280.pcapng,1,0.10643291473388672,297.0,297.0,769.0,2,1,0,0.40836501121520996,367.0,2870.0
X25519,0,50,1280,pcap_X25519_L0_D50_M1280.pcapng,1,0.10169100761413574,297.0,297.0,769.0,2,1,0,0.4042549133300781,367.0,2870.0
X25519,0,50,1280,pcap_X25519_L0_D50_M1280.pcapng,1,0.10185098648071289,297.0,297.0,769.0,2,1,0,0.40408992767333984,367.0,2870.0
X25519,0,50,1280,pcap_X25519_L0_D50_M1280.pcapng,1,0.10245990753173828,297.0,297.0,767.0,2,1,0,0.4046900272369385,367.0,2868.0
X25519,0,50,1280,pcap_X25519_L0_D50_M1280.pcapng,1,0.10270905494689941,297.0,297.0,768.0,2,1,0,0.40486693382263184,367.0,2869.0
X25519,0,50,1280,pcap_X25519_L0_D50_M1280.pcapng,1,0.10175395011901855,297.0,297.0,767.0,2,1,0,0.40383005142211914,367.0,2868.0
X25519,0,50,1280,pcap_X25519_L0_D50_M1280.pcapng,1,0.10181188583374023,297.0,297.0,767.0,2,1,0,0.40683507919311523,367.0,2868.0
X25519,0,50,1280,pcap_X25519_L0_D50_M1280.pcapng,1,0.10202407836914062,297.0,297.0,769.0,2,1,0,0.40431714057922363,367.0,2870.0
X25519,0,50,1280,pcap_X25519_L0_D50_M1280.pcapng,1,0.1028900146484375,297.0,297.0,768.0,2,1,0,0.4049551486968994,367.0,2869.0
X25519,0,50,1280,pcap_X25519_L0_D50_M1280.pcapng,1,0.10181999206542969,297.0,297.0,768.0,2,1,0,0.4037668704986572,367.0,2869.0
X25519,0,50,1280,pcap_X25519_L0_D50_M1280.pcapng,1,0.10193586349487305,297.0,297.0,768.0,2,1,0,0.405566930770874,367.0,2869.0
X25519,0,50,1280,pcap_X25519_L0_D50_M1280.pcapng,1,0.10342288017272949,297.0,297.0,767.0,2,1,0,0.40656590461730957,367.0,2868.0
X25519,0,50,1280,pcap_X25519_L0_D50_M1280.pcapng,1,0.10176992416381836,297.0,297.0,769.0,2,1,0,0.40361499786376953,367.0,2870.0
X25519,0,50,1280,pcap_X25519_L0_D50_M1280.pcapng,1,0.1020359992980957,297.0,297.0,768.0,2,1,0,0.40355920791625977,367.0,2869.0
X25519,0,50,1280,pcap_X25519_L0_D50_M1280.pcapng,1,0.10208892822265625,297.0,297.0,767.0,2,1,0,0.4056088924407959,367.0,2868.0
X25519,0,50,1280,pcap_X25519_L0_D50_M1280.pcapng,1,0.10258984565734863,297.0,297.0,769.0,2,1,0,0.40463805198669434,367.0,2870.0
X25519,0,50,1280,pcap_X25519_L0_D50_M1280.pcapng,1,0.10366678237915039,297.0,297.0,768.0,2,1,0,0.40626001358032227,367.0,2869.0
X25519,0,50,1280,pcap_X25519_L0_D50_M1280.pcapng,1,0.10447192192077637,297.0,297.0,768.0,2,1,0,0.4067051410675049,367.0,2869.0
X25519,0,50,1280,pcap_X25519_L0_D50_M1280.pcapng,1,0.10187005996704102,297.0,297.0,769.0,2,1,0,0.40357494354248047,367.0,2870.0
X25519,0,50,1280,pcap_X25519_L0_D50_M1280.pcapng,1,0.1028139591217041,297.0,297.0,768.0,2,1,0,0.40422797203063965,367.0,2869.0
X25519,0,50,1280,pcap_X25519_L0_D50_M1280.pcapng,1,0.1020359992980957,297.0,297.0,769.0,2,1,0,0.4033641815185547,367.0,2870.0
X25519,0,50,1280,pcap_X25519_L0_D50_M1280.pcapng,1,0.10185718536376953,297.0,297.0,767.0,2,1,0,0.4068729877471924,367.0,2868.0
X25519,0,50,1280,pcap_X25519_L0_D50_M1280.pcapng,1,0.10259604454040527,297.0,297.0,768.0,2,1,0,0.4052419662475586,367.0,2869.0
X25519,0,50,1280,pcap_X25519_L0_D50_M1280.pcapng,1,0.10222792625427246,297.0,297.0,769.0,2,1,0,0.4038670063018799,367.0,2870.0
X25519,0,50,1280,pcap_X25519_L0_D50_M1280.pcapng,1,0.10238313674926758,297.0,297.0,769.0,2,1,0,0.40561795234680176,367.0,2870.0
X25519,0,50,1280,pcap_X25519_L0_D50_M1280.pcapng,1,0.10394096374511719,297.0,297.0,768.0,2,1,0,0.4070711135864258,367.0,2869.0
X25519,0,50,1280,pcap_X25519_L0_D50_M1280.pcapng,1,0.10199093818664551,297.0,297.0,768.0,2,1,0,0.4044790267944336,367.0,2869.0
X25519,0,50,1280,pcap_X25519_L0_D50_M1280.pcapng,1,0.10211801528930664,297.0,297.0,767.0,2,1,0,0.30379414558410645,367.0,2868.0
X25519,0,50,1500,pcap_X25519_L0_D50_M1500.pcapng,1,0.10165691375732422,297.0,297.0,769.0,2,1,0,0.4033029079437256,367.0,2870.0
X25519,0,50,1500,pcap_X25519_L0_D50_M1500.pcapng,1,0.10335206985473633,297.0,297.0,768.0,2,1,0,0.4056830406188965,367.0,2869.0
X25519,0,50,1500,pcap_X25519_L0_D50_M1500.pcapng,1,0.10294508934020996,297.0,297.0,767.0,2,1,0,0.405839204788208,367.0,2868.0
X25519,0,50,1500,pcap_X25519_L0_D50_M1500.pcapng,1,0.1021568775177002,297.0,297.0,767.0,2,1,0,0.40459394454956055,367.0,2868.0
X25519,0,50,1500,pcap_X25519_L0_D50_M1500.pcapng,1,0.10196995735168457,297.0,297.0,768.0,2,1,0,0.4055290222167969,367.0,2869.0
X25519,0,50,1500,pcap_X25519_L0_D50_M1500.pcapng,1,0.10242915153503418,297.0,297.0,769.0,2,1,0,0.4043080806732178,367.0,2870.0
X25519,0,50,1500,pcap_X25519_L0_D50_M1500.pcapng,1,0.10232019424438477,297.0,297.0,768.0,2,1,0,0.4052112102508545,367.0,2869.0
X25519,0,50,1500,pcap_X25519_L0_D50_M1500.pcapng,1,0.10214996337890625,297.0,297.0,768.0,2,1,0,0.405087947845459,367.0,2869.0
X25519,0,50,1500,pcap_X25519_L0_D50_M1500.pcapng,1,0.10235905647277832,297.0,297.0,769.0,2,1,0,0.4049661159515381,367.0,2870.0
X25519,0,50,1500,pcap_X25519_L0_D50_M1500.pcapng,1,0.10331916809082031,297.0,297.0,769.0,2,1,0,0.4074821472167969,367.0,2870.0
X25519,0,50,1500,pcap_X25519_L0_D50_M1500.pcapng,1,0.10354185104370117,297.0,297.0,768.0,2,1,0,0.4061241149902344,367.0,2869.0
X25519,0,50,1500,pcap_X25519_L0_D50_M1500.pcapng,1,0.10238909721374512,297.0,297.0,769.0,2,1,0,0.4044060707092285,367.0,2870.0
X25519,0,50,1500,pcap_X25519_L0_D50_M1500.pcapng,1,0.10210609436035156,297.0,297.0,768.0,2,1,0,0.40494298934936523,367.0,2869.0
X25519,0,50,1500,pcap_X25519_L0_D50_M1500.pcapng,1,0.10251712799072266,297.0,297.0,767.0,2,1,0,0.4043729305267334,367.0,2868.0
X25519,0,50,1500,pcap_X25519_L0_D50_M1500.pcapng,1,0.10197997093200684,297.0,297.0,768.0,2,1,0,0.40378904342651367,367.0,2869.0
X25519,0,50,1500,pcap_X25519_L0_D50_M1500.pcapng,1,0.10230302810668945,297.0,297.0,768.0,2,1,0,0.4040968418121338,367.0,2869.0
X25519,0,50,1500,pcap_X25519_L0_D50_M1500.pcapng,1,0.10230207443237305,297.0,297.0,769.0,2,1,0,0.404282808303833,367.0,2870.0
X25519,0,50,1500,pcap_X25519_L0_D50_M1500.pcapng,1,0.10192990303039551,297.0,297.0,767.0,2,1,0,0.40367698669433594,367.0,2868.0
X25519,0,50,1500,pcap_X25519_L0_D50_M1500.pcapng,1,0.10173201560974121,297.0,297.0,768.0,2,1,0,0.403331995010376,367.0,2869.0
X25519,0,50,1500,pcap_X25519_L0_D50_M1500.pcapng,1,0.10297203063964844,297.0,297.0,767.0,2,1,0,0.4064152240753174,367.0,2868.0
X25519,0,50,1500,pcap_X25519_L0_D50_M1500.pcapng,1,0.10167694091796875,297.0,297.0,768.0,2,1,0,0.40417003631591797,367.0,2869.0
X25519,0,50,1500,pcap_X25519_L0_D50_M1500.pcapng,1,0.1034231185913086,297.0,297.0,769.0,2,1,0,0.40647387504577637,367.0,2870.0
X25519,0,50,1500,pcap_X25519_L0_D50_M1500.pcapng,1,0.10256218910217285,297.0,297.0,768.0,2,1,0,0.40645289421081543,367.0,2869.0
X25519,0,50,1500,pcap_X25519_L0_D50_M1500.pcapng,1,0.10189199447631836,297.0,297.0,768.0,2,1,0,0.40369391441345215,367.0,2869.0
X25519,0,50,1500,pcap_X25519_L0_D50_M1500.pcapng,1,0.10178089141845703,297.0,297.0,767.0,2,1,0,0.4034547805786133,367.0,2868.0
X25519,0,50,1500,pcap_X25519_L0_D50_M1500.pcapng,1,0.10235595703125,297.0,297.0,767.0,2,1,0,0.40510106086730957,367.0,2868.0
X25519,0,50,1500,pcap_X25519_L0_D50_M1500.pcapng,1,0.1026608943939209,297.0,297.0,767.0,2,1,0,0.4067840576171875,367.0,2868.0
X25519,0,50,1500,pcap_X25519_L0_D50_M1500.pcapng,1,0.10210919380187988,297.0,297.0,768.0,2,1,0,0.404041051864624,367.0,2869.0
X25519,0,50,1500,pcap_X25519_L0_D50_M1500.pcapng,1,0.10302209854125977,297.0,297.0,768.0,2,1,0,0.4045889377593994,367.0,2869.0
X25519,0,50,1500,pcap_X25519_L0_D50_M1500.pcapng,1,0.10277700424194336,297.0,297.0,768.0,2,1,0,0.4044349193572998,367.0,2869.0
X25519,1,0,1280,pcap_X25519_L1_D0_M1280.pcapng,1,0.0016798973083496094,297.0,297.0,768.0,2,1,0,0.0030319690704345703,367.0,2869.0
X25519,1,0,1280,pcap_X25519_L1_D0_M1280.pcapng,1,0.0018310546875,297.0,297.0,769.0,2,1,0,0.2121589183807373,367.0,2870.0
X25519,1,0,1280,pcap_X25519_L1_D0_M1280.pcapng,1,0.001644134521484375,297.0,297.0,768.0,2,1,0,0.0027871131896972656,367.0,2869.0
X25519,1,0,1280,pcap_X25519_L1_D0_M1280.pcapng,1,0.0017981529235839844,297.0,297.0,767.0,2,1,0,0.002789020538330078,367.0,2868.0
X25519,1,0,1280,pcap_X25519_L1_D0_M1280.pcapng,1,0.0014171600341796875,297.0,297.0,767.0,2,1,0,0.002638101577758789,367.0,2868.0
X25519,1,0,1280,pcap_X25519_L1_D0_M1280.pcapng,1,0.0016338825225830078,297.0,297.0,769.0,2,1,0,0.002359151840209961,367.0,2870.0
X25519,1,0,1280,pcap_X25519_L1_D0_M1280.pcapng,1,0.001422882080078125,297.0,297.0,767.0,2,1,0,0.0034248828887939453,367.0,2868.0
X25519,1,0,1280,pcap_X25519_L1_D0_M1280.pcapng,1,0.20806503295898438,297.0,297.0,768.0,2,1,0,0.2105710506439209,367.0,2869.0
X25519,1,0,1280,pcap_X25519_L1_D0_M1280.pcapng,1,0.0015630722045898438,297.0,297.0,769.0,2,1,0,0.0026481151580810547,367.0,2870.0
X25519,1,0,1280,pcap_X25519_L1_D0_M1280.pcapng,1,0.0015170574188232422,297.0,297.0,769.0,2,1,0,0.0030510425567626953,367.0,2870.0
X25519,1,0,1280,pcap_X25519_L1_D0_M1280.pcapng,1,0.0022079944610595703,297.0,297.0,768.0,2,1,0,0.0032939910888671875,367.0,2869.0
X25519,1,0,1280,pcap_X25519_L1_D0_M1280.pcapng,1,0.0018849372863769531,297.0,297.0,769.0,2,1,0,0.0033750534057617188,367.0,2870.0
X25519,1,0,1280,pcap_X25519_L1_D0_M1280.pcapng,1,0.0014350414276123047,297.0,297.0,768.0,2,1,0,0.0024671554565429688,367.0,2869.0
X25519,1,0,1280,pcap_X25519_L1_D0_M1280.pcapng,1,0.0022439956665039062,297.0,297.0,768.0,2,1,0,0.00421595573425293,367.0,2869.0
X25519,1,0,1280,pcap_X25519_L1_D0_M1280.pcapng,1,0.001528024673461914,297.0,297.0,769.0,2,1,0,0.002640962600708008,367.0,2870.0
X25519,1,0,1280,pcap_X25519_L1_D0_M1280.pcapng,1,0.0018589496612548828,297.0,297.0,768.0,2,1,0,0.0031278133392333984,367.0,2869.0
X25519,1,0,1280,pcap_X25519_L1_D0_M1280.pcapng,1,0.0014488697052001953,297.0,297.0,769.0,2,1,0,0.0023310184478759766,367.0,2870.0
X25519,1,0,1280,pcap_X25519_L1_D0_M1280.pcapng,1,0.0016469955444335938,297.0,297.0,769.0,2,1,2,0.20993518829345703,367.0,2870.0
X25519,1,0,1280,pcap_X25519_L1_D0_M1280.pcapng,1,0.03765296936035156,297.0,297.0,769.0,2,1,0,0.03968501091003418,367.0,2870.0
X25519,1,0,1280,pcap_X25519_L1_D0_M1280.pcapng,1,0.0015552043914794922,297.0,297.0,768.0,2,1,0,0.0027818679809570312,367.0,2869.0
X25519,1,0,1280,pcap_X25519_L1_D0_M1280.pcapng,1,0.0019021034240722656,297.0,297.0,767.0,2,1,0,0.003606081008911133,367.0,2868.0
X25519,1,0,1280,pcap_X25519_L1_D0_M1280.pcapng,1,0.0013158321380615234,297.0,297.0,767.0,2,1,0,0.0023407936096191406,367.0,2868.0
X25519,1,0,1280,pcap_X25519_L1_D0_M1280.pcapng,1,0.00167083740234375,297.0,297.0,768.0,2,1,0,0.002418994903564453,367.0,2869.0
X25519,1,0,1280,pcap_X25519_L1_D0_M1280.pcapng,1,0.0014019012451171875,297.0,297.0,768.0,2,1,0,0.0024030208587646484,367.0,2869.0
X25519,1,0,1280,pcap_X25519_L1_D0_M1280.pcapng,1,0.002382993698120117,297.0,297.0,769.0,2,1,0,0.003873109817504883,367.0,2870.0
X25519,1,0,1280,pcap_X25519_L1_D0_M1280.pcapng,1,0.0013308525085449219,297.0,297.0,769.0,2,1,0,0.0022652149200439453,367.0,2870.0
X25519,1,0,1280,pcap_X25519_L1_D0_M1280.pcapng,1,0.0031588077545166016,297.0,297.0,767.0,2,1,0,0.00439906120300293,367.0,2868.0
X25519,1,0,1500,pcap_X25519_L1_D0_M1500.pcapng,1,0.002171039581298828,297.0,297.0,768.0,2,1,0,0.0029501914978027344,367.0,2869.0
X25519,1,0,1500,pcap_X25519_L1_D0_M1500.pcapng,1,0.001605987548828125,297.0,297.0,769.0,2,1,0,0.0029799938201904297,367.0,2870.0
X25519,1,0,1500,pcap_X25519_L1_D0_M1500.pcapng,1,0.0015377998352050781,297.0,297.0,769.0,2,1,0,0.002562999725341797,367.0,2870.0
X25519,1,0,1500,pcap_X25519_L1_D0_M1500.pcapng,1,0.0015130043029785156,297.0,297.0,769.0,2,1,0,0.2046210765838623,367.0,2870.0
X25519,1,0,1500,pcap_X25519_L1_D0_M1500.pcapng,1,0.001394033432006836,297.0,297.0,769.0,2,1,0,0.0021860599517822266,367.0,2870.0
X25519,1,0,1500,pcap_X25519_L1_D0_M1500.pcapng,1,0.002177000045776367,297.0,297.0,767.0,2,1,0,0.003985166549682617,367.0,2868.0
X25519,1,0,1500,pcap_X25519_L1_D0_M1500.pcapng,1,0.0015749931335449219,297.0,297.0,769.0,2,1,0,0.0027430057525634766,367.0,2870.0
X25519,1,0,1500,pcap_X25519_L1_D0_M1500.pcapng,1,0.002090930938720703,297.0,297.0,768.0,2,1,0,0.0033659934997558594,367.0,2869.0
X25519,1,0,1500,pcap_X25519_L1_D0_M1500.pcapng,1,0.0016760826110839844,297.0,297.0,768.0,2,1,0,0.0030460357666015625,367.0,2869.0
X25519,1,0,1500,pcap_X25519_L1_D0_M1500.pcapng,1,0.20824003219604492,514.0,297.0,769.0,3,1,1,0.21179795265197754,584.0,2870.0
X25519,1,0,1500,pcap_X25519_L1_D0_M1500.pcapng,1,0.0023071765899658203,297.0,297.0,768.0,2,1,1,0.21268510818481445,413.0,2869.0
X25519,1,0,1500,pcap_X25519_L1_D0_M1500.pcapng,1,0.0036628246307373047,297.0,297.0,767.0,2,1,0,0.0050868988037109375,367.0,2868.0
X25519,1,0,1500,pcap_X25519_L1_D0_M1500.pcapng,1,0.001371145248413086,297.0,297.0,768.0,2,1,0,0.002479076385498047,367.0,2869.0
X25519,1,0,1500,pcap_X25519_L1_D0_M1500.pcapng,1,0.0014219284057617188,297.0,297.0,769.0,2,1,0,0.0023200511932373047,367.0,2870.0
X25519,1,0,1500,pcap_X25519_L1_D0_M1500.pcapng,1,0.0015611648559570312,297.0,297.0,769.0,2,1,0,0.002579927444458008,367.0,2870.0
X25519,1,0,1500,pcap_X25519_L1_D0_M1500.pcapng,1,0.001444101333618164,297.0,297.0,769.0,2,1,0,0.003442049026489258,367.0,2870.0
X25519,1,0,1500,pcap_X25519_L1_D0_M1500.pcapng,1,0.002084016799926758,297.0,297.0,769.0,2,1,0,0.0028989315032958984,367.0,2870.0
X25519,1,0,1500,pcap_X25519_L1_D0_M1500.pcapng,1,0.0021390914916992188,297.0,297.0,769.0,2,1,0,0.003409147262573242,367.0,2870.0
X25519,1,0,1500,pcap_X25519_L1_D0_M1500.pcapng,1,0.0021851062774658203,297.0,297.0,768.0,2,1,1,1.0418081283569336,367.0,2869.0
X25519,1,0,1500,pcap_X25519_L1_D0_M1500.pcapng,1,0.002046823501586914,297.0,297.0,767.0,2,1,0,0.002801179885864258,367.0,2868.0
X25519,1,0,1500,pcap_X25519_L1_D0_M1500.pcapng,1,0.0016891956329345703,297.0,297.0,767.0,2,1,0,0.0028319358825683594,367.0,2868.0
X25519,1,0,1500,pcap_X25519_L1_D0_M1500.pcapng,1,0.2027120590209961,514.0,297.0,767.0,3,1,1,0.20351099967956543,584.0,2868.0
X25519,1,0,1500,pcap_X25519_L1_D0_M1500.pcapng,1,0.001603841781616211,297.0,297.0,768.0,2,1,0,0.0029020309448242188,367.0,2869.0
X25519,1,0,1500,pcap_X25519_L1_D0_M1500.pcapng,1,0.0024929046630859375,297.0,297.0,769.0,2,1,0,0.004584074020385742,367.0,2870.0
X25519,1,0,1500,pcap_X25519_L1_D0_M1500.pcapng,1,0.002490997314453125,297.0,297.0,768.0,2,1,1,0.20658397674560547,367.0,2869.0
X25519,1,0,1500,pcap_X25519_L1_D0_M1500.pcapng,1,0.039872169494628906,297.0,297.0,768.0,2,1,0,0.04101300239562988,367.0,2869.0
X25519,1,0,1500,pcap_X25519_L1_D0_M1500.pcapng,1,0.0015189647674560547,297.0,297.0,767.0,2,1,0,0.0026030540466308594,367.0,2868.0
X25519,1,0,1500,pcap_X25519_L1_D0_M1500.pcapng,1,0.0018630027770996094,297.0,297.0,769.0,2,1,0,0.0030410289764404297,367.0,2870.0
X25519,1,0,1500,pcap_X25519_L1_D0_M1500.pcapng,1,0.0026531219482421875,297.0,297.0,768.0,2,1,0,0.003618001937866211,367.0,2869.0
X25519,1,0,1500,pcap_X25519_L1_D0_M1500.pcapng,1,0.002393007278442383,297.0,297.0,769.0,2,1,0,0.0039827823638916016,367.0,2870.0
X25519,1,50,1280,pcap_X25519_L1_D50_M1280.pcapng,1,0.10203385353088379,297.0,297.0,768.0,2,1,0,0.40460896492004395,367.0,2869.0
X25519,1,50,1280,pcap_X25519_L1_D50_M1280.pcapng,1,0.10277414321899414,297.0,297.0,768.0,2,1,0,0.4050159454345703,367.0,2869.0
X25519,1,50,1280,pcap_X25519_L1_D50_M1280.pcapng,1,0.10155797004699707,297.0,297.0,769.0,2,1,1,0.808884859085083,367.0,2870.0
X25519,1,50,1280,pcap_X25519_L1_D50_M1280.pcapng,1,0.1450040340423584,297.0,297.0,768.0,2,1,0,0.4474961757659912,367.0,2869.0
X25519,1,50,1280,pcap_X25519_L1_D50_M1280.pcapng,1,0.10412192344665527,297.0,297.0,768.0,2,1,0,0.4065849781036377,367.0,2869.0
X25519,1,50,1280,pcap_X25519_L1_D50_M1280.pcapng,1,0.10185599327087402,297.0,297.0,769.0,2,1,0,0.4056689739227295,367.0,2870.0
X25519,1,50,1280,pcap_X25519_L1_D50_M1280.pcapng,1,0.10222911834716797,297.0,297.0,768.0,2,1,0,0.404526948928833,367.0,2869.0
X25519,1,50,1280,pcap_X25519_L1_D50_M1280.pcapng,1,0.10172390937805176,297.0,297.0,768.0,2,1,0,0.40353918075561523,367.0,2869.0
X25519,1,50,1280,pcap_X25519_L1_D50_M1280.pcapng,1,0.1017448902130127,297.0,297.0,769.0,2,1,0,0.40448904037475586,367.0,2870.0
X25519,1,50,1280,pcap_X25519_L1_D50_M1280.pcapng,1,0.10328292846679688,297.0,297.0,768.0,2,1,0,0.4051089286804199,367.0,2869.0
X25519,1,50,1280,pcap_X25519_L1_D50_M1280.pcapng,1,0.10214805603027344,297.0,297.0,767.0,2,1,0,0.8058230876922607,367.0,2868.0
X25519,1,50,1280,pcap_X25519_L1_D50_M1280.pcapng,1,0.10232710838317871,297.0,297.0,767.0,2,1,0,0.40456509590148926,367.0,2868.0
X25519,1,50,1280,pcap_X25519_L1_D50_M1280.pcapng,1,0.10245394706726074,297.0,297.0,769.0,2,1,0,0.4048740863800049,367.0,2870.0
X25519,1,50,1280,pcap_X25519_L1_D50_M1280.pcapng,1,0.10177493095397949,297.0,297.0,768.0,2,1,0,0.4034430980682373,367.0,2869.0
X25519,1,50,1280,pcap_X25519_L1_D50_M1280.pcapng,1,0.10204696655273438,297.0,297.0,769.0,2,1,0,0.40499305725097656,367.0,2870.0
X25519,1,50,1280,pcap_X25519_L1_D50_M1280.pcapng,1,0.1024940013885498,297.0,297.0,767.0,2,1,0,0.40401196479797363,367.0,2868.0
X25519,1,50,1280,pcap_X25519_L1_D50_M1280.pcapng,1,0.1017298698425293,297.0,297.0,768.0,2,1,0,0.4039468765258789,367.0,2869.0
X25519,1,50,1280,pcap_X25519_L1_D50_M1280.pcapng,1,0.10190010070800781,297.0,297.0,767.0,2,1,1,0.8094298839569092,413.0,2868.0
X25519,1,50,1280,pcap_X25519_L1_D50_M1280.pcapng,1,0.1047360897064209,297.0,297.0,768.0,2,1,0,0.4070289134979248,367.0,2869.0
X25519,1,50,1280,pcap_X25519_L1_D50_M1280.pcapng,1,0.10318803787231445,297.0,297.0,768.0,2,1,0,0.40476393699645996,367.0,2869.0
X25519,1,50,1280,pcap_X25519_L1_D50_M1280.pcapng,1,0.10166382789611816,297.0,297.0,768.0,2,1,0,0.40401506423950195,367.0,2869.0
X25519,1,50,1280,pcap_X25519_L1_D50_M1280.pcapng,1,0.1018369197845459,297.0,297.0,768.0,2,1,0,0.4037048816680908,367.0,2869.0
X25519,1,50,1280,pcap_X25519_L1_D50_M1280.pcapng,1,0.1021430492401123,297.0,297.0,767.0,2,1,1,0.5312650203704834,447.0,2868.0
X25519,1,50,1280,pcap_X25519_L1_D50_M1280.pcapng,1,0.10301804542541504,297.0,297.0,767.0,2,1,0,0.4046468734741211,367.0,2868.0
X25519,1,50,1280,pcap_X25519_L1_D50_M1280.pcapng,1,0.10321784019470215,297.0,297.0,768.0,2,1,0,0.4058399200439453,367.0,2869.0
X25519,1,50,1280,pcap_X25519_L1_D50_M1280.pcapng,1,0.10179996490478516,297.0,297.0,768.0,2,1,0,0.40386295318603516,367.0,2869.0
X25519,1,50,1280,pcap_X25519_L1_D50_M1280.pcapng,1,0.10315394401550293,297.0,297.0,768.0,2,1,0,0.40723705291748047,367.0,2869.0
X25519,1,50,1280,pcap_X25519_L1_D50_M1280.pcapng,1,0.10299491882324219,297.0,297.0,768.0,2,1,0,0.4046821594238281,367.0,2869.0
X25519,1,50,1280,pcap_X25519_L1_D50_M1280.pcapng,1,0.10302901268005371,297.0,297.0,768.0,2,1,0,0.4064028263092041,367.0,2869.0
X25519,1,50,1280,pcap_X25519_L1_D50_M1280.pcapng,1,0.10201787948608398,297.0,297.0,767.0,2,1,0,0.4041900634765625,367.0,2868.0
X25519,1,50,1500,pcap_X25519_L1_D50_M1500.pcapng,1,0.1021718978881836,297.0,297.0,767.0,2,1,0,0.4041869640350342,367.0,2868.0
X25519,1,50,1500,pcap_X25519_L1_D50_M1500.pcapng,1,0.10165882110595703,297.0,297.0,769.0,2,1,0,0.40355396270751953,367.0,2870.0
X25519,1,50,1500,pcap_X25519_L1_D50_M1500.pcapng,1,0.10172510147094727,297.0,297.0,768.0,2,1,0,0.40312814712524414,367.0,2869.0
X25519,1,50,1500,pcap_X25519_L1_D50_M1500.pcapng,1,0.10308408737182617,297.0,297.0,769.0,2,1,0,0.40515589714050293,367.0,2870.0
X25519,1,50,1500,pcap_X25519_L1_D50_M1500.pcapng,1,0.10262012481689453,297.0,297.0,768.0,2,1,0,0.40612316131591797,367.0,2869.0
X25519,1,50,1500,pcap_X25519_L1_D50_M1500.pcapng,1,0.10198402404785156,297.0,297.0,767.0,2,1,0,0.40425610542297363,367.0,2868.0
X25519,1,50,1500,pcap_X25519_L1_D50_M1500.pcapng,1,0.10176420211791992,297.0,297.0,769.0,2,1,0,0.40583181381225586,367.0,2870.0
X25519,1,50,1500,pcap_X25519_L1_D50_M1500.pcapng,1,0.10184907913208008,297.0,297.0,767.0,2,1,0,0.40406012535095215,367.0,2868.0
X25519,1,50,1500,pcap_X25519_L1_D50_M1500.pcapng,1,0.10210800170898438,297.0,297.0,768.0,2,1,0,0.4035329818725586,367.0,2869.0
X25519,1,50,1500,pcap_X25519_L1_D50_M1500.pcapng,1,0.1039130687713623,297.0,297.0,767.0,2,1,0,0.40582704544067383,367.0,2868.0
X25519,1,50,1500,pcap_X25519_L1_D50_M1500.pcapng,1,0.10249900817871094,297.0,297.0,768.0,2,1,0,0.40407299995422363,367.0,2869.0
X25519,1,50,1500,pcap_X25519_L1_D50_M1500.pcapng,1,0.10297083854675293,297.0,297.0,769.0,2,1,0,0.4056417942047119,367.0,2870.0
X25519,1,50,1500,pcap_X25519_L1_D50_M1500.pcapng,1,0.10185408592224121,297.0,297.0,767.0,2,1,0,0.4035930633544922,367.0,2868.0
X25519,1,50,1500,pcap_X25519_L1_D50_M1500.pcapng,1,0.10237503051757812,297.0,297.0,767.0,2,1,0,0.4049670696258545,367.0,2868.0
X25519,1,50,1500,pcap_X25519_L1_D50_M1500.pcapng,1,0.10170793533325195,297.0,297.0,768.0,2,1,0,0.40341901779174805,367.0,2869.0
X25519,1,50,1500,pcap_X25519_L1_D50_M1500.pcapng,1,0.10260486602783203,297.0,297.0,767.0,2,1,0,0.504392147064209,367.0,2868.0
X25519,1,50,1500,pcap_X25519_L1_D50_M1500.pcapng,1,0.10269594192504883,297.0,297.0,768.0,2,1,0,0.4047129154205322,367.0,2869.0
X25519,1,50,1500,pcap_X25519_L1_D50_M1500.pcapng,1,0.10289216041564941,297.0,297.0,767.0,2,1,0,0.4056551456451416,367.0,2868.0
X25519,1,50,1500,pcap_X25519_L1_D50_M1500.pcapng,1,0.10492801666259766,297.0,297.0,768.0,2,1,0,0.4066591262817383,367.0,2869.0
X25519,1,50,1500,pcap_X25519_L1_D50_M1500.pcapng,1,0.10240387916564941,297.0,297.0,768.0,2,1,1,0.534229040145874,391.0,2869.0
X25519,1,50,1500,pcap_X25519_L1_D50_M1500.pcapng,1,0.10199880599975586,297.0,297.0,767.0,2,1,0,0.40502500534057617,367.0,2868.0
X25519,1,50,1500,pcap_X25519_L1_D50_M1500.pcapng,1,0.10236907005310059,297.0,297.0,768.0,2,1,0,0.404339075088501,367.0,2869.0
X25519,1,50,1500,pcap_X25519_L1_D50_M1500.pcapng,1,0.10211396217346191,297.0,297.0,767.0,2,1,0,0.4047129154205322,367.0,2868.0
X25519,1,50,1500,pcap_X25519_L1_D50_M1500.pcapng,1,0.10387301445007324,297.0,297.0,768.0,2,1,0,0.4065520763397217,367.0,2869.0
X25519,1,50,1500,pcap_X25519_L1_D50_M1500.pcapng,1,0.10294604301452637,297.0,297.0,768.0,2,1,0,0.4054410457611084,367.0,2869.0
X25519,1,50,1500,pcap_X25519_L1_D50_M1500.pcapng,1,0.10216498374938965,297.0,297.0,768.0,2,1,0,0.40441203117370605,367.0,2869.0
X25519,1,50,1500,pcap_X25519_L1_D50_M1500.pcapng,1,0.10232400894165039,297.0,297.0,769.0,2,1,0,0.40435099601745605,367.0,2870.0
X25519,1,50,1500,pcap_X25519_L1_D50_M1500.pcapng,1,0.10257601737976074,297.0,297.0,767.0,2,1,1,0.5351657867431641,447.0,2868.0
X25519,1,50,1500,pcap_X25519_L1_D50_M1500.pcapng,1,0.10288500785827637,297.0,297.0,768.0,2,1,0,0.4047379493713379,367.0,2869.0
X25519,1,50,1500,pcap_X25519_L1_D50_M1500.pcapng,1,0.10267210006713867,297.0,297.0,768.0,2,1,0,0.408261775970459,367.0,2869.0
X25519,3,0,1280,pcap_X25519_L3_D0_M1280.pcapng,1,0.2110428810119629,297.0,297.0,768.0,2,1,0,0.21404409408569336,367.0,2869.0
X25519,3,0,1280,pcap_X25519_L3_D0_M1280.pcapng,1,0.0012788772583007812,297.0,297.0,768.0,2,1,0,0.002961874008178711,367.0,2869.0
X25519,3,0,1280,pcap_X25519_L3_D0_M1280.pcapng,1,0.0015611648559570312,297.0,297.0,769.0,2,1,0,0.002360820770263672,367.0,2870.0
X25519,3,0,1280,pcap_X25519_L3_D0_M1280.pcapng,1,0.001558065414428711,297.0,297.0,769.0,2,1,0,0.0025730133056640625,367.0,2870.0
X25519,3,0,1280,pcap_X25519_L3_D0_M1280.pcapng,1,0.0013630390167236328,297.0,297.0,769.0,2,1,0,0.0022499561309814453,367.0,2870.0
X25519,3,0,1280,pcap_X25519_L3_D0_M1280.pcapng,1,0.0013060569763183594,297.0,297.0,769.0,2,1,0,0.002277851104736328,367.0,2870.0
X25519,3,0,1280,pcap_X25519_L3_D0_M1280.pcapng,1,0.005023956298828125,297.0,297.0,768.0,2,1,1,1.0681889057159424,367.0,2869.0
X25519,3,0,1280,pcap_X25519_L3_D0_M1280.pcapng,1,0.0014338493347167969,297.0,297.0,768.0,2,1,0,0.0027260780334472656,367.0,2869.0
X25519,3,0,1280,pcap_X25519_L3_D0_M1280.pcapng,1,0.0015568733215332031,297.0,297.0,768.0,2,1,1,1.0082619190216064,367.0,2869.0
X25519,3,0,1280,pcap_X25519_L3_D0_M1280.pcapng,1,0.0019190311431884766,297.0,297.0,769.0,2,1,0,0.0032958984375,367.0,2870.0
X25519,3,0,1280,pcap_X25519_L3_D0_M1280.pcapng,1,0.0013279914855957031,297.0,297.0,767.0,2,1,0,0.0023000240325927734,367.0,2868.0
X25519,3,0,1280,pcap_X25519_L3_D0_M1280.pcapng,1,0.0019960403442382812,297.0,297.0,769.0,2,1,0,0.0034818649291992188,367.0,2870.0
X25519,3,0,1280,pcap_X25519_L3_D0_M1280.pcapng,1,0.0018520355224609375,297.0,297.0,768.0,2,1,0,0.003120899200439453,367.0,2869.0
X25519,3,0,1280,pcap_X25519_L3_D0_M1280.pcapng,1,0.0018429756164550781,297.0,297.0,767.0,2,1,2,0.20895600318908691,367.0,2868.0
X25519,3,0,1280,pcap_X25519_L3_D0_M1280.pcapng,1,0.003762960433959961,297.0,297.0,768.0,2,1,0,0.005337953567504883,367.0,2869.0
X25519,3,0,1280,pcap_X25519_L3_D0_M1280.pcapng,1,0.003097057342529297,297.0,297.0,768.0,2,1,0,0.004588127136230469,367.0,2869.0
X25519,3,0,1280,pcap_X25519_L3_D0_M1280.pcapng,1,0.002222776412963867,297.0,297.0,767.0,2,1,1,0.0031991004943847656,391.0,2868.0
X25519,3,0,1280,pcap_X25519_L3_D0_M1280.pcapng,1,0.001589059829711914,297.0,297.0,768.0,2,1,0,0.0029611587524414062,367.0,2869.0
X25519,3,0,1280,pcap_X25519_L3_D0_M1280.pcapng,1,0.20427989959716797,514.0,297.0,768.0,3,1,1,0.20540118217468262,584.0,2869.0
X25519,3,0,1280,pcap_X25519_L3_D0_M1280.pcapng,1,0.002346038818359375,297.0,297.0,769.0,2,1,1,0.0034058094024658203,391.0,2870.0
X25519,3,0,1280,pcap_X25519_L3_D0_M1280.pcapng,1,0.00180816650390625,297.0,297.0,769.0,2,1,0,0.002743959426879883,367.0,2870.0
X25519,3,0,1280,pcap_X25519_L3_D0_M1280.pcapng,1,0.0016398429870605469,297.0,297.0,768.0,2,1,0,0.003179788589477539,367.0,2869.0
X25519,3,0,1280,pcap_X25519_L3_D0_M1280.pcapng,1,0.002583026885986328,297.0,297.0,768.0,2,1,0,0.0040209293365478516,367.0,2869.0
X25519,3,0,1280,pcap_X25519_L3_D0_M1280.pcapng,1,0.0014841556549072266,297.0,297.0,768.0,2,1,0,0.0026128292083740234,367.0,2869.0
X25519,3,0,1280,pcap_X25519_L3_D0_M1280.pcapng,1,0.0015230178833007812,297.0,297.0,769.0,2,1,0,0.002649068832397461,367.0,2870.0
X25519,3,0,1280,pcap_X25519_L3_D0_M1280.pcapng,1,0.0014719963073730469,297.0,297.0,768.0,2,1,0,0.0024950504302978516,367.0,2869.0
X25519,3,0,1280,pcap_X25519_L3_D0_M1280.pcapng,1,0.002549886703491211,297.0,297.0,768.0,2,1,0,0.0038309097290039062,367.0,2869.0
X25519,3,0,1280,pcap_X25519_L3_D0_M1280.pcapng,1,0.0021009445190429688,297.0,297.0,769.0,2,1,0,0.004145145416259766,367.0,2870.0
X25519,3,0,1280,pcap_X25519_L3_D0_M1280.pcapng,1,0.0015811920166015625,297.0,297.0,768.0,2,1,0,0.0025031566619873047,367.0,2869.0
X25519,3,0,1280,pcap_X25519_L3_D0_M1280.pcapng,1,0.002167940139770508,297.0,297.0,767.0,2,1,0,0.004322052001953125,367.0,2868.0
X25519,3,0,1500,pcap_X25519_L3_D0_M1500.pcapng,1,0.001992940902709961,297.0,297.0,768.0,2,1,0,0.008760929107666016,367.0,2869.0
X25519,3,0,1500,pcap_X25519_L3_D0_M1500.pcapng,1,0.20946907997131348,514.0,297.0,767.0,3,1,1,0.21022391319274902,584.0,2868.0
X25519,3,0,1500,pcap_X25519_L3_D0_M1500.pcapng,1,0.0018570423126220703,297.0,297.0,768.0,2,1,0,0.002611875534057617,367.0,2869.0
X25519,3,0,1500,pcap_X25519_L3_D0_M1500.pcapng,1,0.0017228126525878906,297.0,297.0,769.0,2,1,0,0.0025110244750976562,367.0,2870.0
X25519,3,0,1500,pcap_X25519_L3_D0_M1500.pcapng,1,0.001611948013305664,297.0,297.0,769.0,2,1,1,0.20957589149475098,413.0,2870.0
X25519,3,0,1500,pcap_X25519_L3_D0_M1500.pcapng,1,0.0013349056243896484,297.0,297.0,769.0,2,1,0,0.001981973648071289,367.0,2870.0
X25519,3,0,1500,pcap_X25519_L3_D0_M1500.pcapng,1,0.0023260116577148438,297.0,297.0,767.0,2,1,2,0.21393799781799316,367.0,2868.0
X25519,3,0,1500,pcap_X25519_L3_D0_M1500.pcapng,1,0.04747200012207031,297.0,297.0,767.0,2,1,0,0.04828691482543945,367.0,2868.0
X25519,3,0,1500,pcap_X25519_L3_D0_M1500.pcapng,1,0.0013859272003173828,297.0,297.0,767.0,2,1,0,0.0020949840545654297,367.0,2868.0
X25519,3,0,1500,pcap_X25519_L3_D0_M1500.pcapng,1,0.0013840198516845703,297.0,297.0,769.0,2,1,0,0.0021681785583496094,367.0,2870.0
X25519,3,0,1500,pcap_X25519_L3_D0_M1500.pcapng,1,0.0017919540405273438,297.0,297.0,768.0,2,1,0,0.00273895263671875,367.0,2869.0
X25519,3,0,1500,pcap_X25519_L3_D0_M1500.pcapng,1,0.0015938282012939453,297.0,297.0,769.0,2,1,0,0.002234935760498047,367.0,2870.0
X25519,3,0,1500,pcap_X25519_L3_D0_M1500.pcapng,1,0.0013818740844726562,297.0,297.0,768.0,2,1,0,0.0019979476928710938,367.0,2869.0
X25519,3,0,1500,pcap_X25519_L3_D0_M1500.pcapng,1,0.0014231204986572266,297.0,297.0,767.0,2,1,0,0.003551959991455078,367.0,2868.0
X25519,3,0,1500,pcap_X25519_L3_D0_M1500.pcapng,1,0.0014290809631347656,297.0,297.0,768.0,2,1,0,0.002093076705932617,367.0,2869.0
X25519,3,0,1500,pcap_X25519_L3_D0_M1500.pcapng,1,0.0011830329895019531,297.0,297.0,769.0,2,1,0,0.0017769336700439453,367.0,2870.0
X25519,3,0,1500,pcap_X25519_L3_D0_M1500.pcapng,1,0.0026199817657470703,297.0,297.0,767.0,2,1,0,0.0034918785095214844,367.0,2868.0
X25519,3,0,1500,pcap_X25519_L3_D0_M1500.pcapng,1,0.0013909339904785156,297.0,297.0,768.0,2,1,0,0.002095937728881836,367.0,2869.0
X25519,3,0,1500,pcap_X25519_L3_D0_M1500.pcapng,1,0.0016901493072509766,297.0,297.0,767.0,2,1,0,0.002441883087158203,367.0,2868.0
X25519,3,0,1500,pcap_X25519_L3_D0_M1500.pcapng,1,0.0018680095672607422,297.0,297.0,767.0,2,1,0,0.002671957015991211,367.0,2868.0
X25519,3,0,1500,pcap_X25519_L3_D0_M1500.pcapng,1,0.0013580322265625,297.0,297.0,767.0,2,1,0,0.0020589828491210938,367.0,2868.0
X25519,3,0,1500,pcap_X25519_L3_D0_M1500.pcapng,1,0.0014591217041015625,297.0,297.0,769.0,2,1,0,0.002260923385620117,367.0,2870.0
X25519,3,0,1500,pcap_X25519_L3_D0_M1500.pcapng,1,0.0014939308166503906,297.0,297.0,769.0,2,1,2,0.21037912368774414,367.0,2870.0
X25519,3,0,1500,pcap_X25519_L3_D0_M1500.pcapng,1,0.0013780593872070312,297.0,297.0,767.0,2,1,0,0.002207040786743164,367.0,2868.0
X25519,3,0,1500,pcap_X25519_L3_D0_M1500.pcapng,1,0.002173900604248047,297.0,297.0,768.0,2,1,2,0.21007990837097168,367.0,2869.0
X25519,3,0,1500,pcap_X25519_L3_D0_M1500.pcapng,1,0.0014719963073730469,297.0,297.0,766.0,2,1,2,0.4166090488433838,367.0,2867.0
X25519,3,0,1500,pcap_X25519_L3_D0_M1500.pcapng,1,0.0467069149017334,297.0,297.0,769.0,2,1,0,0.0474398136138916,367.0,2870.0
X25519,3,0,1500,pcap_X25519_L3_D0_M1500.pcapng,1,0.0017390251159667969,297.0,297.0,768.0,2,1,0,0.0027420520782470703,367.0,2869.0
X25519,3,0,1500,pcap_X25519_L3_D0_M1500.pcapng,1,0.0011751651763916016,297.0,297.0,768.0,2,1,2,0.21121883392333984,367.0,2869.0
X25519,3,50,1280,pcap_X25519_L3_D50_M1280.pcapng,1,0.10309600830078125,297.0,297.0,769.0,2,1,0,0.5051100254058838,367.0,2870.0
X25519,3,50,1280,pcap_X25519_L3_D50_M1280.pcapng,1,0.10224509239196777,297.0,297.0,769.0,2,1,0,0.4037179946899414,367.0,2870.0
X25519,3,50,1280,pcap_X25519_L3_D50_M1280.pcapng,1,0.1028439998626709,297.0,297.0,769.0,2,1,0,0.404433012008667,367.0,2870.0
X25519,3,50,1280,pcap_X25519_L3_D50_M1280.pcapng,1,0.10184502601623535,297.0,297.0,767.0,2,1,0,0.403980016708374,367.0,2868.0
X25519,3,50,1280,pcap_X25519_L3_D50_M1280.pcapng,1,0.10318994522094727,297.0,297.0,768.0,2,1,0,0.40815091133117676,367.0,2869.0
X25519,3,50,1280,pcap_X25519_L3_D50_M1280.pcapng,1,0.10240507125854492,297.0,297.0,768.0,2,1,0,0.4047389030456543,367.0,2869.0
X25519,3,50,1280,pcap_X25519_L3_D50_M1280.pcapng,1,0.10228705406188965,297.0,297.0,767.0,2,1,0,0.40473389625549316,367.0,2868.0
X25519,3,50,1280,pcap_X25519_L3_D50_M1280.pcapng,1,0.4495730400085449,514.0,297.0,767.0,3,1,1,0.7516741752624512,584.0,2868.0
X25519,3,50,1280,pcap_X25519_L3_D50_M1280.pcapng,1,0.10287117958068848,297.0,297.0,768.0,2,1,0,0.405163049697876,367.0,2869.0
X25519,3,50,1280,pcap_X25519_L3_D50_M1280.pcapng,1,0.10284209251403809,297.0,297.0,768.0,2,1,0,0.4045889377593994,367.0,2869.0
X25519,3,50,1280,pcap_X25519_L3_D50_M1280.pcapng,1,0.10180211067199707,297.0,297.0,768.0,2,1,0,0.4040381908416748,367.0,2869.0
X25519,3,50,1280,pcap_X25519_L3_D50_M1280.pcapng,1,0.10283994674682617,297.0,297.0,768.0,2,1,0,0.40449094772338867,367.0,2869.0
X25519,3,50,1280,pcap_X25519_L3_D50_M1280.pcapng,1,0.10267901420593262,297.0,297.0,768.0,2,1,0,0.40409088134765625,367.0,2869.0
X25519,3,50,1280,pcap_X25519_L3_D50_M1280.pcapng,1,0.1022329330444336,297.0,297.0,768.0,2,1,0,0.4052610397338867,367.0,2869.0
X25519,3,50,1280,pcap_X25519_L3_D50_M1280.pcapng,1,0.10235905647277832,297.0,297.0,767.0,2,1,0,0.40482497215270996,367.0,2868.0
X25519,3,50,1280,pcap_X25519_L3_D50_M1280.pcapng,1,0.10307812690734863,297.0,297.0,767.0,2,1,0,0.4054880142211914,367.0,2868.0
X25519,3,50,1280,pcap_X25519_L3_D50_M1280.pcapng,1,0.10202789306640625,297.0,297.0,767.0,2,1,1,0.5328848361968994,447.0,2868.0
X25519,3,50,1280,pcap_X25519_L3_D50_M1280.pcapng,1,0.10170197486877441,297.0,297.0,768.0,2,1,1,0.5324420928955078,367.0,2869.0
X25519,3,50,1280,pcap_X25519_L3_D50_M1280.pcapng,1,0.10183000564575195,297.0,297.0,767.0,2,1,0,0.4035179615020752,367.0,2868.0
X25519,3,50,1280,pcap_X25519_L3_D50_M1280.pcapng,1,0.10447216033935547,297.0,297.0,768.0,2,1,2,0.7156758308410645,493.0,2869.0
X25519,3,50,1280,pcap_X25519_L3_D50_M1280.pcapng,1,0.10239696502685547,297.0,297.0,768.0,2,1,0,0.40433382987976074,367.0,2869.0
X25519,3,50,1280,pcap_X25519_L3_D50_M1280.pcapng,1,0.10432791709899902,297.0,297.0,769.0,2,1,0,0.40894103050231934,367.0,2870.0
X25519,3,50,1280,pcap_X25519_L3_D50_M1280.pcapng,1,0.10234713554382324,297.0,297.0,767.0,2,1,0,0.40529608726501465,367.0,2868.0
X25519,3,50,1280,pcap_X25519_L3_D50_M1280.pcapng,1,0.1024470329284668,297.0,297.0,767.0,2,1,1,1.4101839065551758,367.0,2868.0
X25519,3,50,1280,pcap_X25519_L3_D50_M1280.pcapng,1,0.10500907897949219,297.0,297.0,767.0,2,1,0,0.5076138973236084,367.0,2868.0
X25519,3,50,1280,pcap_X25519_L3_D50_M1280.pcapng,1,0.10322093963623047,297.0,297.0,768.0,2,1,0,0.4047849178314209,367.0,2869.0
X25519,3,50,1280,pcap_X25519_L3_D50_M1280.pcapng,1,0.10355019569396973,297.0,297.0,768.0,2,1,0,0.40532493591308594,367.0,2869.0
X25519,3,50,1280,pcap_X25519_L3_D50_M1280.pcapng,1,0.10330414772033691,297.0,297.0,767.0,2,1,0,0.40601587295532227,367.0,2868.0
X25519,3,50,1280,pcap_X25519_L3_D50_M1280.pcapng,1,0.10188508033752441,297.0,297.0,768.0,2,1,0,0.4033670425415039,367.0,2869.0
X25519,3,50,1500,pcap_X25519_L3_D50_M1500.pcapng,1,0.10202693939208984,297.0,297.0,768.0,2,1,2,0.6341309547424316,367.0,2869.0
X25519,3,50,1500,pcap_X25519_L3_D50_M1500.pcapng,1,0.5078089237213135,514.0,297.0,768.0,3,1,1,0.8097031116485596,584.0,2869.0
X25519,3,50,1500,pcap_X25519_L3_D50_M1500.pcapng,1,0.10178995132446289,297.0,297.0,767.0,2,1,0,0.4035379886627197,367.0,2868.0
X25519,3,50,1500,pcap_X25519_L3_D50_M1500.pcapng,1,0.10369706153869629,297.0,297.0,767.0,2,1,0,0.40520691871643066,367.0,2868.0
X25519,3,50,1500,pcap_X25519_L3_D50_M1500.pcapng,1,0.10294485092163086,297.0,297.0,769.0,2,1,1,0.5336751937866211,447.0,2870.0
X25519,3,50,1500,pcap_X25519_L3_D50_M1500.pcapng,1,0.1023869514465332,297.0,297.0,768.0,2,1,0,0.4050941467285156,367.0,2869.0
X25519,3,50,1500,pcap_X25519_L3_D50_M1500.pcapng,1,0.10281181335449219,297.0,297.0,768.0,2,1,0,0.40541601181030273,367.0,2869.0
X25519,3,50,1500,pcap_X25519_L3_D50_M1500.pcapng,1,0.10210704803466797,297.0,297.0,768.0,2,1,0,0.4041581153869629,367.0,2869.0
X25519,3,50,1500,pcap_X25519_L3_D50_M1500.pcapng,1,0.1044158935546875,297.0,297.0,769.0,2,1,0,0.40715909004211426,367.0,2870.0
X25519,3,50,1500,pcap_X25519_L3_D50_M1500.pcapng,1,0.10244488716125488,297.0,297.0,768.0,2,1,0,0.4041259288787842,367.0,2869.0
X25519,3,50,1500,pcap_X25519_L3_D50_M1500.pcapng,1,0.10203313827514648,297.0,297.0,768.0,2,1,1,0.7058351039886475,367.0,2869.0
X25519,3,50,1500,pcap_X25519_L3_D50_M1500.pcapng,1,0.10280990600585938,297.0,297.0,768.0,2,1,1,1.5160880088806152,367.0,2869.0
X25519,3,50,1500,pcap_X25519_L3_D50_M1500.pcapng,1,0.10218286514282227,297.0,297.0,767.0,2,1,0,0.40416598320007324,367.0,2868.0
X25519,3,50,1500,pcap_X25519_L3_D50_M1500.pcapng,1,0.10224294662475586,297.0,297.0,767.0,2,1,1,0.534203052520752,391.0,2868.0
X25519,3,50,1500,pcap_X25519_L3_D50_M1500.pcapng,1,0.10231494903564453,297.0,297.0,768.0,2,1,1,0.8121771812438965,367.0,2869.0
X25519,3,50,1500,pcap_X25519_L3_D50_M1500.pcapng,1,0.14793014526367188,297.0,297.0,768.0,2,1,0,0.4506039619445801,367.0,2869.0
X25519,3,50,1500,pcap_X25519_L3_D50_M1500.pcapng,1,0.10234689712524414,297.0,297.0,768.0,2,1,0,0.40459299087524414,367.0,2869.0
X25519,3,50,1500,pcap_X25519_L3_D50_M1500.pcapng,1,0.10236692428588867,297.0,297.0,769.0,2,1,0,0.40483784675598145,367.0,2870.0
X25519,3,50,1500,pcap_X25519_L3_D50_M1500.pcapng,1,0.10212111473083496,297.0,297.0,769.0,2,1,0,0.40488290786743164,367.0,2870.0
X25519,3,50,1500,pcap_X25519_L3_D50_M1500.pcapng,1,0.41782307624816895,514.0,297.0,768.0,3,1,1,0.7204098701477051,584.0,2869.0
X25519,3,50,1500,pcap_X25519_L3_D50_M1500.pcapng,1,0.10162901878356934,297.0,297.0,768.0,2,1,1,0.8123550415039062,413.0,2869.0
X25519,3,50,1500,pcap_X25519_L3_D50_M1500.pcapng,1,0.10202598571777344,297.0,297.0,768.0,2,1,0,0.40715885162353516,367.0,2869.0
X25519,3,50,1500,pcap_X25519_L3_D50_M1500.pcapng,1,0.10343313217163086,297.0,297.0,769.0,2,1,0,0.40567517280578613,367.0,2870.0
X25519,3,50,1500,pcap_X25519_L3_D50_M1500.pcapng,1,0.10209202766418457,297.0,297.0,769.0,2,1,1,1.4432790279388428,367.0,2870.0
X25519,3,50,1500,pcap_X25519_L3_D50_M1500.pcapng,1,0.1016700267791748,297.0,297.0,769.0,2,1,0,0.4044339656829834,367.0,2870.0
X25519,3,50,1500,pcap_X25519_L3_D50_M1500.pcapng,1,0.10192084312438965,297.0,297.0,768.0,2,1,0,0.808413028717041,367.0,2869.0
X25519,3,50,1500,pcap_X25519_L3_D50_M1500.pcapng,1,0.10206985473632812,297.0,297.0,768.0,2,1,0,0.4046468734741211,367.0,2869.0
X25519,3,50,1500,pcap_X25519_L3_D50_M1500.pcapng,1,0.10164809226989746,297.0,297.0,768.0,2,1,0,0.40433597564697266,367.0,2869.0
X25519,3,50,1500,pcap_X25519_L3_D50_M1500.pcapng,1,0.10300898551940918,297.0,297.0,769.0,2,1,0,0.40476417541503906,367.0,2870.0
X25519,3,50,1500,pcap_X25519_L3_D50_M1500.pcapng,1,0.10236692428588867,297.0,297.0,768.0,2,1,1,0.5311110019683838,391.0,2869.0
